/*
SQLyog Community v13.0.1 (64 bit)
MySQL - 5.5.20-log : Database - sentiment_analysis
*********************************************************************
*/

/*!40101 SET NAMES utf8 */;

/*!40101 SET SQL_MODE=''*/;

/*!40014 SET @OLD_UNIQUE_CHECKS=@@UNIQUE_CHECKS, UNIQUE_CHECKS=0 */;
/*!40014 SET @OLD_FOREIGN_KEY_CHECKS=@@FOREIGN_KEY_CHECKS, FOREIGN_KEY_CHECKS=0 */;
/*!40101 SET @OLD_SQL_MODE=@@SQL_MODE, SQL_MODE='NO_AUTO_VALUE_ON_ZERO' */;
/*!40111 SET @OLD_SQL_NOTES=@@SQL_NOTES, SQL_NOTES=0 */;
CREATE DATABASE /*!32312 IF NOT EXISTS*/`sentiment_analysis` /*!40100 DEFAULT CHARACTER SET latin1 */;

USE `sentiment_analysis`;

/*Table structure for table `feedback` */

DROP TABLE IF EXISTS `feedback`;

CREATE TABLE `feedback` (
  `Id` int(11) NOT NULL AUTO_INCREMENT,
  `Feedback` varchar(50) DEFAULT NULL,
  `Date` date DEFAULT NULL,
  `user_id` int(11) DEFAULT NULL,
  PRIMARY KEY (`Id`)
) ENGINE=InnoDB AUTO_INCREMENT=6 DEFAULT CHARSET=latin1;

/*Data for the table `feedback` */

insert  into `feedback`(`Id`,`Feedback`,`Date`,`user_id`) values 
(1,'very helpful','2021-04-06',2),
(4,'very nice & helpful','2021-06-24',3),
(5,'Excellent','2021-06-25',5);

/*Table structure for table `login` */

DROP TABLE IF EXISTS `login`;

CREATE TABLE `login` (
  `Id` int(11) NOT NULL AUTO_INCREMENT,
  `Username` varchar(50) DEFAULT NULL,
  `Password` varchar(20) DEFAULT NULL,
  `Type` varchar(20) DEFAULT NULL,
  PRIMARY KEY (`Id`)
) ENGINE=InnoDB AUTO_INCREMENT=6 DEFAULT CHARSET=latin1;

/*Data for the table `login` */

insert  into `login`(`Id`,`Username`,`Password`,`Type`) values 
(1,'anas','1234','admin'),
(2,'user','user123','user'),
(3,'azhar','azhar123','blocked'),
(4,'akshay','akshay23','blocked'),
(5,'ashif','ashif123','user');

/*Table structure for table `product` */

DROP TABLE IF EXISTS `product`;

CREATE TABLE `product` (
  `Id` int(11) NOT NULL AUTO_INCREMENT,
  `Product` varchar(20) DEFAULT NULL,
  `Twitter handle` varchar(20) DEFAULT NULL,
  `Description` varchar(100) DEFAULT NULL,
  PRIMARY KEY (`Id`)
) ENGINE=InnoDB AUTO_INCREMENT=7 DEFAULT CHARSET=latin1;

/*Data for the table `product` */

insert  into `product`(`Id`,`Product`,`Twitter handle`,`Description`) values 
(1,'Poco X3 pro',' #POCOX3Pro ','Poco X3 Pro · Display 6.67-inch (1080x2400) · Processor Qualcomm Snapdragon 860 · Front Camera 20MP '),
(2,'iphone','@iphoneIndia','The iPhone is a line of smartphones designed and marketed by Apple Inc. that use Apples iOS mobile o'),
(3,'samsung galaxy s22','@samsunggalaxys22','Samsung Galaxy S22 comes with a Quad camera 64MP primary lens + 12MP telephoto lens + 12MP ultra-wid'),
(4,'Redmi Note 10 pro Ma','#RedmiNote10ProMax ','The Redmi Note 10 Pro Max brings a revolutionary change to the mid-premium segment. This smartphone '),
(5,'samsung','@SamsungIndia','Samsung, South Korean company that is one of the worlds largest producers of electronic devices');

/*Table structure for table `twitter` */

DROP TABLE IF EXISTS `twitter`;

CREATE TABLE `twitter` (
  `Id` int(11) NOT NULL AUTO_INCREMENT,
  `Product_id` varchar(20) DEFAULT NULL,
  `Twitter` varchar(20) DEFAULT NULL,
  `Polarity score` varchar(20) DEFAULT NULL,
  PRIMARY KEY (`Id`)
) ENGINE=InnoDB AUTO_INCREMENT=2662 DEFAULT CHARSET=latin1;

/*Data for the table `twitter` */

insert  into `twitter`(`Id`,`Product_id`,`Twitter`,`Polarity score`) values 
(1,'1','3 hours ago · Xiaomi','0'),
(2,'1','Rating  4.5 ','0'),
(3,'1','POCO X3 Pro (Steel B','4.89'),
(4,'1','POCO X3 Pro; Specs; ','4.5600000000000005'),
(5,'1','Rating  4.3 ','0'),
(6,'1','22-Mar-2021 · Poco X','0'),
(7,'1','POCO X3 Pro has a ne','3.975'),
(8,'1','Rating  4.5 ','0'),
(9,'1','Xiaomi Poco X3 Pro a','0'),
(10,'1','Poco X3 Pro set to g','0'),
(11,'1','Flipkart Mobiles Bon','4.5200000000000005'),
(12,'1','Flipkart Mobiles Bon','0'),
(13,'1','Flipkart Mobiles Bon','4.43'),
(14,'1','8GB RAM + 128GB &#23','0'),
(15,'1','Poco X3 GT certified','3.895'),
(16,'1','Poco X3 GT will be t','4.405'),
(17,'1','Poco X3 Pro review: ','4.245'),
(18,'1','Poco M3 Pro will lau','0'),
(19,'1','Poco X3 Pro Review: ','3.37'),
(20,'1','&#8377;18,999.00 In ','0'),
(21,'1','Poco X3 Pro is the n','0'),
(22,'1','11-Apr-2021 · The PO','0'),
(23,'1','12-Apr-2021 · Hello ','4.3'),
(24,'1','3 hours ago · Xiaomi','0'),
(25,'1','Rating  4.5 ','0'),
(26,'1','POCO X3 Pro (Steel B','4.89'),
(27,'1','POCO X3 Pro; Specs; ','4.5600000000000005'),
(28,'1','Rating  4.3 ','0'),
(29,'1','22-Mar-2021 · Poco X','0'),
(30,'1','POCO X3 Pro has a ne','3.975'),
(31,'1','Rating  4.5 ','0'),
(32,'1','Xiaomi Poco X3 Pro a','0'),
(33,'1','Poco X3 Pro set to g','0'),
(34,'1','Flipkart Mobiles Bon','4.5200000000000005'),
(35,'1','Flipkart Mobiles Bon','0'),
(36,'1','Flipkart Mobiles Bon','4.43'),
(37,'1','8GB RAM + 128GB &#23','0'),
(38,'1','Poco X3 GT certified','3.895'),
(39,'1','Poco X3 GT will be t','4.405'),
(40,'1','Poco X3 Pro review: ','4.245'),
(41,'1','Poco M3 Pro will lau','0'),
(42,'1','Poco X3 Pro Review: ','3.37'),
(43,'1','&#8377;18,999.00 In ','0'),
(44,'1','Poco X3 Pro is the n','0'),
(45,'1','11-Apr-2021 · The PO','0'),
(46,'1','12-Apr-2021 · Hello ','4.3'),
(47,'2','The latest Tweets fr','0'),
(48,'2','Missing:  max1 | Mus','-2.1149999999999998'),
(49,'2','New iPhone 12 Pro Ma','0'),
(50,'2','Missing:  max1 | Mus','-2.1149999999999998'),
(51,'2','Iphone 12 Pro Max &#','0'),
(52,'2','Missing:  max1 | Mus','-2.1149999999999998'),
(53,'2','See Tweets about #ip','4.32'),
(54,'2','Missing:  max1 | Mus','-2.1149999999999998'),
(55,'2','On 8 Sep 2020 @sulab','4.3'),
(56,'2','Missing:  max1 | Mus','-2.1149999999999998'),
(57,'2','The latest Tweets fr','0'),
(58,'2','Missing:  max1 | Mus','-2.1149999999999998'),
(59,'2','09-Nov-2020 · Apple ','4.13'),
(60,'2','Missing:  max1 @ipho','-2.62'),
(61,'2','25-Aug-2020 · Video ','0'),
(62,'2','Missing:  max1 @ipho','-2.62'),
(63,'2','14-Dec-2020 · iPhone','4.0649999999999995'),
(64,'2','In order to show you','4.640000000000001'),
(65,'2','The latest Tweets fr','0'),
(66,'2','Missing:  max1 | Mus','-2.1149999999999998'),
(67,'2','The latest Tweets on','0'),
(68,'2','Missing:  max1 | Mus','-2.1149999999999998'),
(69,'2','Iphone 12 Pro Max &#','4.48'),
(70,'2','Missing:  max1 | Mus','-2.1149999999999998'),
(71,'2','See Tweets about #ip','4.32'),
(72,'2','Missing:  max1 | Mus','-2.1149999999999998'),
(73,'2','On 8 Sep 2020 @sulab','4.2299999999999995'),
(74,'2','Missing:  max1 | Mus','-2.1149999999999998'),
(75,'2','&#12302;Bench&#12303','0'),
(76,'2','Missing:  max1 | Mus','-2.1149999999999998'),
(77,'2','Couple iPhone 13 Pro','0'),
(78,'2','Missing:  max1 @ipho','-2.62'),
(79,'2','14-Dec-2020 · iPhone','4.0649999999999995'),
(80,'2','The LiDAR Scanner on','0'),
(81,'2','Missing:  max1 @ipho','-2.1149999999999998'),
(82,'2','In order to show you','4.640000000000001'),
(83,'3','Samsung Galaxy S22 t','0'),
(84,'3','This is Samsung 65W ','0'),
(85,'3','@letsgodigitalNL. Sa','0'),
(86,'3','11-Apr-2021 · Mark P','0'),
(87,'3','11-Apr-2021 · Samsun','0'),
(88,'3','27-Dec-2020 · Mark P','0'),
(89,'3','Samsung Galaxy S22, ','0'),
(90,'3','21-May-2021 · tech s','4.3149999999999995'),
(91,'3','14-Jun-2021 · Latest','0'),
(92,'3','06-May-2021 · &#9659','4.28'),
(93,'3','Samsung Galaxy S22 t','0'),
(94,'3','11-Apr-2021 · Mark P','0'),
(95,'3','27-Dec-2020 · Mark P','0'),
(96,'3','11-Apr-2021 · Samsun','0'),
(97,'3','21-May-2021 · Have a','0'),
(98,'3','Missing:  2 | Must i','-2.62'),
(99,'3','Samsung Galaxy S22 v','4.5600000000000005'),
(100,'3','Missing:  page= | Mu','-2.1149999999999998'),
(101,'3','15-Feb-2021 · &#9659','0'),
(102,'3','Missing:  page= | Mu','-2.1149999999999998'),
(103,'3','25-May-2021 · Introd','0'),
(104,'3','20 hours ago · But, ','0'),
(105,'3','Missing:  @samsungga','-2.62'),
(106,'3','15-Jun-2021 · The Sa','0'),
(107,'3','Missing:  @samsungga','-3.4399999999999995'),
(108,'4','The Redmi Note 10 Pr','4.37'),
(109,'4','5 days ago · Xiaomi ','0'),
(110,'4','Rating  3.5 ','0'),
(111,'4','31-Mar-2021 · Redmi ','0'),
(112,'4','Rating  4.1 ','0'),
(113,'4','Redmi Note 10 Pro Ma','4.35'),
(114,'4','Rating  4.3 ','0'),
(115,'4','REDMI Note 10 Pro Ma','4.85'),
(116,'4','Mi 11 Lite quick rev','-0.55'),
(117,'4','Xiaomi Redmi Note 10','0'),
(118,'4','&#2348;&#2306;&#2346','0'),
(119,'4','Redmi Note 10 Pro (G','4.14'),
(120,'4','Redmi Note 10 Pro 5G','4.16'),
(121,'4','Chinese Redmi Note 1','0'),
(122,'4','OnePlus Nord CE vs R','0'),
(123,'4','Redmi Note 10 Pro (M','4.0200000000000005'),
(124,'4','Realme X7 5G vs Redm','0'),
(125,'4','Xiaomi increases the','0'),
(126,'4','Rating  4.3 ','0'),
(127,'4','11-Mar-2021 · Xiaomi','4.35'),
(128,'4','07-Apr-2021 · Here s','0'),
(129,'4','&#8377;18,999.00 In ','0'),
(130,'4','It has 6 GB RAM and ','4.61'),
(131,'4','The Redmi Note 10 Pr','4.37'),
(132,'4','5 days ago · Xiaomi ','0'),
(133,'4','Rating  3.5 ','0'),
(134,'4','31-Mar-2021 · Redmi ','0'),
(135,'4','Rating  4.1 ','0'),
(136,'4','Redmi Note 10 Pro Ma','4.35'),
(137,'4','Rating  4.3 ','0'),
(138,'4','REDMI Note 10 Pro Ma','4.85'),
(139,'4','Mi 11 Lite quick rev','-0.55'),
(140,'4','Xiaomi Redmi Note 10','0'),
(141,'4','&#2348;&#2306;&#2346','0'),
(142,'4','Redmi Note 10 Pro (G','4.14'),
(143,'4','Redmi Note 10 Pro 5G','4.16'),
(144,'4','Chinese Redmi Note 1','0'),
(145,'4','OnePlus Nord CE vs R','0'),
(146,'4','Redmi Note 10 Pro (M','4.0200000000000005'),
(147,'4','Realme X7 5G vs Redm','0'),
(148,'4','Xiaomi increases the','0'),
(149,'4','Rating  4.3 ','0'),
(150,'4','11-Mar-2021 · Xiaomi','4.35'),
(151,'4','07-Apr-2021 · Here s','0'),
(152,'4','&#8377;18,999.00 In ','0'),
(153,'4','It has 6 GB RAM and ','4.61'),
(154,'4','The Redmi Note 10 Pr','4.37'),
(155,'4','5 days ago · Xiaomi ','0'),
(156,'4','Rating  3.5 ','0'),
(157,'4','31-Mar-2021 · Redmi ','0'),
(158,'4','Rating  4.1 ','0'),
(159,'4','Redmi Note 10 Pro Ma','4.35'),
(160,'4','Rating  4.3 ','0'),
(161,'4','REDMI Note 10 Pro Ma','4.85'),
(162,'4','Mi 11 Lite quick rev','-0.55'),
(163,'4','Xiaomi Redmi Note 10','0'),
(164,'4','&#2348;&#2306;&#2346','0'),
(165,'4','Redmi Note 10 Pro (G','4.14'),
(166,'4','Redmi Note 10 Pro 5G','4.16'),
(167,'4','Chinese Redmi Note 1','0'),
(168,'4','OnePlus Nord CE vs R','0'),
(169,'4','Redmi Note 10 Pro (M','4.0200000000000005'),
(170,'4','Realme X7 5G vs Redm','0'),
(171,'4','Xiaomi increases the','0'),
(172,'4','Rating  4.3 ','0'),
(173,'4','11-Mar-2021 · Xiaomi','4.35'),
(174,'4','07-Apr-2021 · Here s','0'),
(175,'4','&#8377;18,999.00 In ','0'),
(176,'4','It has 6 GB RAM and ','4.61'),
(177,'4','The Redmi Note 10 Pr','4.37'),
(178,'4','5 days ago · Xiaomi ','0'),
(179,'4','Rating  3.5 ','0'),
(180,'4','31-Mar-2021 · Redmi ','0'),
(181,'4','Rating  4.1 ','0'),
(182,'4','Redmi Note 10 Pro Ma','4.35'),
(183,'4','Rating  4.3 ','0'),
(184,'4','REDMI Note 10 Pro Ma','4.85'),
(185,'4','Mi 11 Lite quick rev','-0.55'),
(186,'4','Xiaomi Redmi Note 10','0'),
(187,'4','&#2348;&#2306;&#2346','0'),
(188,'4','Redmi Note 10 Pro (G','4.14'),
(189,'4','Redmi Note 10 Pro 5G','4.16'),
(190,'4','Chinese Redmi Note 1','0'),
(191,'4','OnePlus Nord CE vs R','0'),
(192,'4','Redmi Note 10 Pro (M','4.0200000000000005'),
(193,'4','Realme X7 5G vs Redm','0'),
(194,'4','Xiaomi increases the','0'),
(195,'4','Rating  4.3 ','0'),
(196,'4','11-Mar-2021 · Xiaomi','4.35'),
(197,'4','07-Apr-2021 · Here s','0'),
(198,'4','&#8377;18,999.00 In ','0'),
(199,'4','It has 6 GB RAM and ','4.61'),
(200,'2','The latest Tweets fr','0'),
(201,'2','Missing:  max1 | Mus','-2.1149999999999998'),
(202,'2','New iPhone 12 Pro Ma','0'),
(203,'2','Missing:  max1 | Mus','-2.1149999999999998'),
(204,'2','Iphone 12 Pro Max &#','0'),
(205,'2','Missing:  max1 | Mus','-2.1149999999999998'),
(206,'2','See Tweets about #ip','4.32'),
(207,'2','Missing:  max1 | Mus','-2.1149999999999998'),
(208,'2','On 8 Sep 2020 @sulab','4.3'),
(209,'2','Missing:  max1 | Mus','-2.1149999999999998'),
(210,'2','The latest Tweets fr','0'),
(211,'2','Missing:  max1 | Mus','-2.1149999999999998'),
(212,'2','09-Nov-2020 · Apple ','4.13'),
(213,'2','Missing:  max1 @ipho','-2.62'),
(214,'2','25-Aug-2020 · Video ','0'),
(215,'2','Missing:  max1 @ipho','-2.62'),
(216,'2','14-Dec-2020 · iPhone','4.0649999999999995'),
(217,'2','In order to show you','4.640000000000001'),
(218,'2','The latest Tweets fr','0'),
(219,'2','Missing:  max1 | Mus','-2.1149999999999998'),
(220,'2','The latest Tweets on','0'),
(221,'2','Missing:  max1 | Mus','-2.1149999999999998'),
(222,'2','Iphone 12 Pro Max &#','4.48'),
(223,'2','Missing:  max1 | Mus','-2.1149999999999998'),
(224,'2','See Tweets about #ip','4.32'),
(225,'2','Missing:  max1 | Mus','-2.1149999999999998'),
(226,'2','On 8 Sep 2020 @sulab','4.2299999999999995'),
(227,'2','Missing:  max1 | Mus','-2.1149999999999998'),
(228,'2','&#12302;Bench&#12303','0'),
(229,'2','Missing:  max1 | Mus','-2.1149999999999998'),
(230,'2','Couple iPhone 13 Pro','0'),
(231,'2','Missing:  max1 @ipho','-2.62'),
(232,'2','14-Dec-2020 · iPhone','4.0649999999999995'),
(233,'2','The LiDAR Scanner on','0'),
(234,'2','Missing:  max1 @ipho','-2.1149999999999998'),
(235,'2','In order to show you','4.640000000000001'),
(236,'1','4 hours ago · Xiaomi','0'),
(237,'1','POCO X3 Pro; Specs; ','4.5600000000000005'),
(238,'1','Rating  4.5 ','0'),
(239,'1','POCO X3 Pro (Steel B','4.89'),
(240,'1','Rating  4.3 ','0'),
(241,'1','22-Mar-2021 · Poco X','0'),
(242,'1','Poco X3 Pro set to g','0'),
(243,'1','Flipkart Mobiles Bon','4.43'),
(244,'1','Samsung Galaxy M32 v','0'),
(245,'1','Poco X3 GT certified','3.895'),
(246,'1','Poco X3 Pro review: ','4.245'),
(247,'1','Poco M3 Pro will lau','0'),
(248,'1','Redmi K20 Pro &#2324','0'),
(249,'1','Poco X3 Pro Review: ','3.37'),
(250,'1','Poco X3 GT will be t','4.405'),
(251,'1','Redmi Note 10 Pro 5G','4.045'),
(252,'1','POCO X3 Pro has a ne','3.975'),
(253,'1','Rating  4.5 ','0'),
(254,'1','Xiaomi Poco X3 Pro a','0'),
(255,'1','&#8377;18,999.00 In ','0'),
(256,'1','Poco X3 Pro is the n','0'),
(257,'1','11-Apr-2021 · The PO','0'),
(258,'1','12-Apr-2021 · Hello ','4.3'),
(259,'1','4 hours ago · Xiaomi','0'),
(260,'1','POCO X3 Pro; Specs; ','4.5600000000000005'),
(261,'1','Rating  4.5 ','0'),
(262,'1','POCO X3 Pro (Steel B','4.89'),
(263,'1','Rating  4.3 ','0'),
(264,'1','22-Mar-2021 · Poco X','0'),
(265,'1','Poco X3 Pro set to g','0'),
(266,'1','Flipkart Mobiles Bon','4.43'),
(267,'1','Samsung Galaxy M32 v','0'),
(268,'1','Poco X3 GT certified','3.895'),
(269,'1','Poco X3 Pro review: ','4.245'),
(270,'1','Poco M3 Pro will lau','0'),
(271,'1','Redmi K20 Pro &#2324','0'),
(272,'1','Poco X3 Pro Review: ','3.37'),
(273,'1','Poco X3 GT will be t','4.405'),
(274,'1','Redmi Note 10 Pro 5G','4.045'),
(275,'1','POCO X3 Pro has a ne','3.975'),
(276,'1','Rating  4.5 ','0'),
(277,'1','Xiaomi Poco X3 Pro a','0'),
(278,'1','&#8377;18,999.00','0'),
(279,'1','Poco X3 Pro is the n','0'),
(280,'1','11-Apr-2021 · The PO','0'),
(281,'1','12-Apr-2021 · Hello ','4.3'),
(282,'1','4 hours ago · Xiaomi','0'),
(283,'1','POCO X3 Pro; Specs; ','4.5600000000000005'),
(284,'1','Rating  4.5 ','0'),
(285,'1','POCO X3 Pro (Steel B','4.89'),
(286,'1','Rating  4.3 ','0'),
(287,'1','22-Mar-2021 · Poco X','0'),
(288,'1','Poco X3 Pro set to g','0'),
(289,'1','Flipkart Mobiles Bon','4.43'),
(290,'1','Samsung Galaxy M32 v','0'),
(291,'1','Poco X3 GT certified','3.895'),
(292,'1','Poco X3 Pro review: ','4.245'),
(293,'1','Poco M3 Pro will lau','0'),
(294,'1','Redmi K20 Pro &#2324','0'),
(295,'1','Poco X3 Pro Review: ','3.37'),
(296,'1','Poco X3 GT will be t','4.405'),
(297,'1','Redmi Note 10 Pro 5G','4.045'),
(298,'1','POCO X3 Pro has a ne','3.975'),
(299,'1','Rating  4.5 ','0'),
(300,'1','Xiaomi Poco X3 Pro a','0'),
(301,'1','&#8377;18,999.00 In ','0'),
(302,'1','Poco X3 Pro is the n','0'),
(303,'1','11-Apr-2021 · The PO','0'),
(304,'1','12-Apr-2021 · Hello ','4.3'),
(305,'1','Xiaomi Poco X3 Pro ·','0'),
(306,'1','POCO X3 Pro; Specs; ','4.5600000000000005'),
(307,'1','Rating  4.5 ','0'),
(308,'1','POCO X3 Pro (Steel B','4.89'),
(309,'1','Rating  4.3 ','0'),
(310,'1','22-Mar-2021 · Poco X','0'),
(311,'1','Poco X3 Pro set to g','0'),
(312,'1','Flipkart Mobiles Bon','4.43'),
(313,'1','Samsung Galaxy M32 v','0'),
(314,'1','Poco X3 GT certified','3.895'),
(315,'1','Poco X3 Pro review: ','4.245'),
(316,'1','Poco M3 Pro will lau','0'),
(317,'1','Redmi K20 Pro &#2324','0'),
(318,'1','Poco X3 Pro Review: ','3.37'),
(319,'1','Poco X3 GT will be t','4.405'),
(320,'1','Redmi Note 10 Pro 5G','4.045'),
(321,'1','POCO X3 Pro has a ne','3.975'),
(322,'1','Rating  4.5 ','0'),
(323,'1','Xiaomi Poco X3 Pro a','0'),
(324,'1','&#8377;18,999.00 In ','0'),
(325,'1','Poco X3 Pro is the n','0'),
(326,'1','11-Apr-2021 · The PO','0'),
(327,'1','12-Apr-2021 · Hello ','4.3'),
(328,'2','The latest Tweets fr','0'),
(329,'2','Missing:  max1 | Mus','-2.1149999999999998'),
(330,'2','New iPhone 12 Pro Ma','0'),
(331,'2','Missing:  max1 | Mus','-2.1149999999999998'),
(332,'2','Iphone 12 Pro Max &#','0'),
(333,'2','Missing:  max1 | Mus','-2.1149999999999998'),
(334,'2','See Tweets about #ip','4.32'),
(335,'2','Missing:  max1 | Mus','-2.1149999999999998'),
(336,'2','On 8 Sep 2020 @sulab','4.3'),
(337,'2','Missing:  max1 | Mus','-2.1149999999999998'),
(338,'2','The latest Tweets fr','0'),
(339,'2','Missing:  max1 | Mus','-2.1149999999999998'),
(340,'2','09-Nov-2020 · Apple ','4.13'),
(341,'2','Missing:  max1 @ipho','-2.62'),
(342,'2','25-Aug-2020 · Video ','0'),
(343,'2','Missing:  max1 @ipho','-2.62'),
(344,'2','14-Dec-2020 · iPhone','4.0649999999999995'),
(345,'2','In order to show you','4.640000000000001'),
(346,'2','The latest Tweets fr','0'),
(347,'2','Missing:  max1 | Mus','-2.1149999999999998'),
(348,'2','The latest Tweets on','0'),
(349,'2','Missing:  max1 | Mus','-2.1149999999999998'),
(350,'2','Iphone 12 Pro Max &#','4.48'),
(351,'2','Missing:  max1 | Mus','-2.1149999999999998'),
(352,'2','See Tweets about #ip','4.32'),
(353,'2','Missing:  max1 | Mus','-2.1149999999999998'),
(354,'2','On 8 Sep 2020 @sulab','4.2299999999999995'),
(355,'2','Missing:  max1 | Mus','-2.1149999999999998'),
(356,'2','&#12302;Bench&#12303','0'),
(357,'2','Missing:  max1 | Mus','-2.1149999999999998'),
(358,'2','Couple iPhone 13 Pro','0'),
(359,'2','Missing:  max1 @ipho','-2.62'),
(360,'2','14-Dec-2020 · iPhone','4.0649999999999995'),
(361,'2','The LiDAR Scanner on','0'),
(362,'2','Missing:  max1 @ipho','-2.1149999999999998'),
(363,'2','In order to show you','4.640000000000001'),
(364,'2','The latest Tweets fr','0'),
(365,'2','Missing:  max1 | Mus','-2.1149999999999998'),
(366,'2','New iPhone 12 Pro Ma','0'),
(367,'2','Missing:  max1 | Mus','-2.1149999999999998'),
(368,'2','Iphone 12 Pro Max &#','0'),
(369,'2','Missing:  max1 | Mus','-2.1149999999999998'),
(370,'2','See Tweets about #ip','4.32'),
(371,'2','Missing:  max1 | Mus','-2.1149999999999998'),
(372,'2','On 8 Sep 2020 @sulab','4.3'),
(373,'2','The latest Tweets fr','0'),
(374,'2','Missing:  max1 | Mus','-2.1149999999999998'),
(375,'2','Missing:  max1 | Mus','-2.1149999999999998'),
(376,'2','The latest Tweets fr','0'),
(377,'2','Missing:  max1 | Mus','-2.1149999999999998'),
(378,'2','New iPhone 12 Pro Ma','0'),
(379,'2','09-Nov-2020 · Apple ','4.13'),
(380,'2','Missing:  max1 | Mus','-2.1149999999999998'),
(381,'2','Missing:  max1 @ipho','-2.62'),
(382,'2','Iphone 12 Pro Max &#','0'),
(383,'2','25-Aug-2020 · Video ','0'),
(384,'2','Missing:  max1 | Mus','-2.1149999999999998'),
(385,'2','Missing:  max1 @ipho','-2.62'),
(386,'2','See Tweets about #ip','4.32'),
(387,'2','14-Dec-2020 · iPhone','4.0649999999999995'),
(388,'2','Missing:  max1 | Mus','-2.1149999999999998'),
(389,'2','In order to show you','4.640000000000001'),
(390,'2','On 8 Sep 2020 @sulab','4.3'),
(391,'2','Missing:  max1 | Mus','-2.1149999999999998'),
(392,'2','The latest Tweets fr','0'),
(393,'2','Missing:  max1 | Mus','-2.1149999999999998'),
(394,'2','09-Nov-2020 · Apple ','4.13'),
(395,'2','Missing:  max1 @ipho','-2.62'),
(396,'2','25-Aug-2020 · Video ','0'),
(397,'2','Missing:  max1 @ipho','-2.62'),
(398,'2','14-Dec-2020 · iPhone','4.0649999999999995'),
(399,'2','In order to show you','4.640000000000001'),
(400,'2','The latest Tweets fr','0'),
(401,'2','Missing:  max1 | Mus','-2.1149999999999998'),
(402,'2','The latest Tweets on','0'),
(403,'2','Missing:  max1 | Mus','-2.1149999999999998'),
(404,'2','Iphone 12 Pro Max &#','4.48'),
(405,'2','Missing:  max1 | Mus','-2.1149999999999998'),
(406,'2','See Tweets about #ip','4.32'),
(407,'2','Missing:  max1 | Mus','-2.1149999999999998'),
(408,'2','On 8 Sep 2020 @sulab','4.2299999999999995'),
(409,'2','Missing:  max1 | Mus','-2.1149999999999998'),
(410,'2','&#12302;Bench&#12303','0'),
(411,'2','Missing:  max1 | Mus','-2.1149999999999998'),
(412,'2','The latest Tweets fr','0'),
(413,'2','Couple iPhone 13 Pro','0'),
(414,'2','Missing:  max1 | Mus','-2.1149999999999998'),
(415,'2','Missing:  max1 @ipho','-2.62'),
(416,'2','The latest Tweets on','0'),
(417,'2','Missing:  max1 | Mus','-2.1149999999999998'),
(418,'2','14-Dec-2020 · iPhone','4.0649999999999995'),
(419,'2','The LiDAR Scanner on','0'),
(420,'2','Iphone 12 Pro Max &#','4.48'),
(421,'2','Missing:  max1 @ipho','-2.1149999999999998'),
(422,'2','Missing:  max1 | Mus','-2.1149999999999998'),
(423,'2','In order to show you','4.640000000000001'),
(424,'2','See Tweets about #ip','4.32'),
(425,'2','Missing:  max1 | Mus','-2.1149999999999998'),
(426,'2','On 8 Sep 2020 @sulab','4.2299999999999995'),
(427,'2','Missing:  max1 | Mus','-2.1149999999999998'),
(428,'2','&#12302;Bench&#12303','0'),
(429,'2','Missing:  max1 | Mus','-2.1149999999999998'),
(430,'2','Couple iPhone 13 Pro','0'),
(431,'2','Missing:  max1 @ipho','-2.62'),
(432,'2','14-Dec-2020 · iPhone','4.0649999999999995'),
(433,'2','The LiDAR Scanner on','0'),
(434,'2','Missing:  max1 @ipho','-2.1149999999999998'),
(435,'2','In order to show you','4.640000000000001'),
(436,'2','The latest Tweets fr','0'),
(437,'2','Missing:  max1 | Mus','-2.1149999999999998'),
(438,'2','New iPhone 12 Pro Ma','0'),
(439,'2','Missing:  max1 | Mus','-2.1149999999999998'),
(440,'2','Iphone 12 Pro Max &#','0'),
(441,'2','Missing:  max1 | Mus','-2.1149999999999998'),
(442,'2','See Tweets about #ip','4.32'),
(443,'2','Missing:  max1 | Mus','-2.1149999999999998'),
(444,'2','On 8 Sep 2020 @sulab','4.3'),
(445,'2','Missing:  max1 | Mus','-2.1149999999999998'),
(446,'2','25-Aug-2020 · Video ','0'),
(447,'2','Missing:  max1 @ipho','-2.62'),
(448,'2','iPhone 12 mini, iPho','4.515000000000001'),
(449,'2','Missing:  max1 | Mus','-2.1149999999999998'),
(450,'2','The latest Tweets fr','0'),
(451,'2','Missing:  max1 @ipho','-2.62'),
(452,'2','14-Dec-2020 · iPhone','4.0649999999999995'),
(453,'2','In order to show you','4.640000000000001'),
(454,'2','The latest Tweets fr','0'),
(455,'2','Missing:  max1 | Mus','-2.1149999999999998'),
(456,'2','The latest Tweets on','0'),
(457,'2','Missing:  max1 | Mus','-2.1149999999999998'),
(458,'2','Iphone 12 Pro Max &#','4.48'),
(459,'2','Missing:  max1 | Mus','-2.1149999999999998'),
(460,'2','See Tweets about #ip','4.32'),
(461,'2','Missing:  max1 | Mus','-2.1149999999999998'),
(462,'2','On 8 Sep 2020 @sulab','4.2299999999999995'),
(463,'2','Missing:  max1 | Mus','-2.1149999999999998'),
(464,'2','&#12302;Bench&#12303','0'),
(465,'2','Missing:  max1 | Mus','-2.1149999999999998'),
(466,'2','Couple iPhone 13 Pro','0'),
(467,'2','Missing:  max1 @ipho','-2.62'),
(468,'2','14-Dec-2020 · iPhone','4.0649999999999995'),
(469,'2','The LiDAR Scanner on','0'),
(470,'2','Missing:  max1 @ipho','-2.1149999999999998'),
(471,'2','In order to show you','4.640000000000001'),
(472,'1','4 hours ago · Xiaomi','0'),
(473,'1','POCO X3 Pro; Specs; ','4.5600000000000005'),
(474,'1','Rating  4.5 ','0'),
(475,'1','POCO X3 Pro (Steel B','4.89'),
(476,'1','Rating  4.3 ','0'),
(477,'1','22-Mar-2021 · Poco X','0'),
(478,'1','Poco X3 Pro set to g','0'),
(479,'1','Flipkart Mobiles Bon','4.43'),
(480,'1','Samsung Galaxy M32 v','0'),
(481,'1','Poco X3 GT certified','3.895'),
(482,'1','Poco X3 Pro review: ','4.245'),
(483,'1','Poco M3 Pro will lau','0'),
(484,'1','Redmi K20 Pro &#2324','0'),
(485,'1','Poco X3 Pro Review: ','3.37'),
(486,'1','Poco X3 GT will be t','4.405'),
(487,'1','Redmi Note 10 Pro 5G','4.045'),
(488,'1','POCO X3 Pro has a ne','3.975'),
(489,'1','Rating  4.5 ','0'),
(490,'1','Xiaomi Poco X3 Pro a','0'),
(491,'1','&#8377;18,999.00 In ','0'),
(492,'1','Poco X3 Pro is the n','0'),
(493,'1','11-Apr-2021 · The PO','0'),
(494,'1','12-Apr-2021 · Hello ','4.3'),
(495,'1','4 hours ago · Xiaomi','0'),
(496,'1','POCO X3 Pro; Specs; ','4.5600000000000005'),
(497,'1','Rating  4.5 ','0'),
(498,'1','POCO X3 Pro (Steel B','4.89'),
(499,'1','Rating  4.3 ','0'),
(500,'1','22-Mar-2021 · Poco X','0'),
(501,'1','Poco X3 Pro set to g','0'),
(502,'1','Flipkart Mobiles Bon','4.43'),
(503,'1','Samsung Galaxy M32 v','0'),
(504,'1','Poco X3 GT certified','3.895'),
(505,'1','Poco X3 Pro review: ','4.245'),
(506,'1','Poco M3 Pro will lau','0'),
(507,'1','Redmi K20 Pro &#2324','0'),
(508,'1','Poco X3 Pro Review: ','3.37'),
(509,'1','Poco X3 GT will be t','4.405'),
(510,'1','Redmi Note 10 Pro 5G','4.045'),
(511,'1','POCO X3 Pro has a ne','3.975'),
(512,'1','Rating  4.5 ','0'),
(513,'1','Xiaomi Poco X3 Pro a','0'),
(514,'1','&#8377;18,999.00 In ','0'),
(515,'1','Poco X3 Pro is the n','0'),
(516,'1','11-Apr-2021 · The PO','0'),
(517,'1','12-Apr-2021 · Hello ','4.3'),
(518,'1','4 hours ago · Xiaomi','0'),
(519,'1','POCO X3 Pro; Specs; ','4.5600000000000005'),
(520,'1','Rating  4.5 ','0'),
(521,'1','POCO X3 Pro (Steel B','4.89'),
(522,'1','Rating  4.3 ','0'),
(523,'1','22-Mar-2021 · Poco X','0'),
(524,'1','Poco X3 Pro set to g','0'),
(525,'1','Flipkart Mobiles Bon','4.43'),
(526,'1','Samsung Galaxy M32 v','0'),
(527,'1','Poco X3 GT certified','3.895'),
(528,'1','Poco X3 Pro review: ','4.245'),
(529,'1','Poco M3 Pro will lau','0'),
(530,'1','Redmi K20 Pro &#2324','0'),
(531,'1','Poco X3 Pro Review: ','3.37'),
(532,'1','Poco X3 GT will be t','4.405'),
(533,'1','Redmi Note 10 Pro 5G','4.045'),
(534,'1','POCO X3 Pro has a ne','3.975'),
(535,'1','Rating  4.5 ','0'),
(536,'1','Xiaomi Poco X3 Pro a','0'),
(537,'1','&#8377;18,999.00 In ','0'),
(538,'1','Poco X3 Pro is the n','0'),
(539,'1','11-Apr-2021 · The PO','0'),
(540,'1','12-Apr-2021 · Hello ','4.3'),
(541,'1','4 hours ago · Xiaomi','0'),
(542,'1','POCO X3 Pro; Specs; ','4.5600000000000005'),
(543,'1','Rating  4.5 ','0'),
(544,'1','POCO X3 Pro (Steel B','4.89'),
(545,'1','Rating  4.3 ','0'),
(546,'1','22-Mar-2021 · Poco X','0'),
(547,'1','Poco X3 Pro set to g','0'),
(548,'1','Flipkart Mobiles Bon','4.43'),
(549,'1','Samsung Galaxy M32 v','0'),
(550,'1','Poco X3 GT certified','3.895'),
(551,'1','Poco X3 Pro review: ','4.245'),
(552,'1','Poco M3 Pro will lau','0'),
(553,'1','Redmi K20 Pro &#2324','0'),
(554,'1','Poco X3 Pro Review: ','3.37'),
(555,'1','Poco X3 GT will be t','4.405'),
(556,'1','Redmi Note 10 Pro 5G','4.045'),
(557,'1','POCO X3 Pro has a ne','3.975'),
(558,'1','Rating  4.5 ','0'),
(559,'1','Xiaomi Poco X3 Pro a','0'),
(560,'1','&#8377;18,999.00 In ','0'),
(561,'1','Poco X3 Pro is the n','0'),
(562,'1','11-Apr-2021 · The PO','0'),
(563,'1','12-Apr-2021 · Hello ','4.3'),
(564,'3','Samsung Galaxy S22 U','0'),
(565,'3','This is Samsung 65W ','0'),
(566,'3','11-Apr-2021 · Mark P','0'),
(567,'3','11-Apr-2021 · Samsun','0'),
(568,'3','27-Dec-2020 · Mark P','0'),
(569,'3','21-May-2021 · tech s','4.3149999999999995'),
(570,'3','See Tweets about #ga','4.47'),
(571,'3','Samsung Galaxy S22, ','0'),
(572,'3','14-Jun-2021 · Latest','0'),
(573,'3','15-Feb-2021 · &#9659','0'),
(574,'3','Samsung Galaxy S22 U','0'),
(575,'3','11-Apr-2021 · Mark P','0'),
(576,'3','27-Dec-2020 · Mark P','0'),
(577,'3','11-Apr-2021 · Samsun','0'),
(578,'3','21-May-2021 · Have a','0'),
(579,'3','Missing:  2 | Must i','-2.62'),
(580,'3','15-Feb-2021 · &#9659','0'),
(581,'3','Missing:  page= | Mu','-2.1149999999999998'),
(582,'3','14-Jun-2021 · Latest','0'),
(583,'3','Missing:  page= | Mu','-2.1149999999999998'),
(584,'3','15-Jun-2021 · The Sa','0'),
(585,'3','Missing:  @samsungga','-3.4399999999999995'),
(586,'3','Everything we have h','0'),
(587,'3','Missing:  @samsungga','-3.4399999999999995'),
(588,'3','2 days ago · But, fr','0'),
(589,'3','Missing:  @samsungga','-2.62'),
(590,'1','4 hours ago · Xiaomi','0'),
(591,'1','POCO X3 Pro; Specs; ','4.5600000000000005'),
(592,'1','Rating  4.5 ','0'),
(593,'1','POCO X3 Pro (Steel B','4.89'),
(594,'1','Rating  4.3 ','0'),
(595,'1','22-Mar-2021 · Poco X','0'),
(596,'1','Poco X3 Pro set to g','0'),
(597,'1','Flipkart Mobiles Bon','4.43'),
(598,'1','Samsung Galaxy M32 v','0'),
(599,'1','Poco X3 GT certified','3.895'),
(600,'1','Poco X3 Pro review: ','4.245'),
(601,'1','Poco M3 Pro will lau','0'),
(602,'1','Redmi K20 Pro &#2324','0'),
(603,'1','Poco X3 Pro Review: ','3.37'),
(604,'1','Poco X3 GT will be t','4.405'),
(605,'1','Redmi Note 10 Pro 5G','4.045'),
(606,'1','POCO X3 Pro has a ne','3.975'),
(607,'1','Rating  4.5 ','0'),
(608,'1','Xiaomi Poco X3 Pro a','0'),
(609,'1','&#8377;18,999.00 In ','0'),
(610,'1','Poco X3 Pro is the n','0'),
(611,'1','11-Apr-2021 · The PO','0'),
(612,'1','12-Apr-2021 · Hello ','4.3'),
(613,'1','4 hours ago · Xiaomi','0'),
(614,'1','POCO X3 Pro; Specs; ','4.5600000000000005'),
(615,'1','Rating  4.5 ','0'),
(616,'1','POCO X3 Pro (Steel B','4.89'),
(617,'1','Rating  4.3 ','0'),
(618,'1','22-Mar-2021 · Poco X','0'),
(619,'1','Poco X3 Pro set to g','0'),
(620,'1','Flipkart Mobiles Bon','4.43'),
(621,'1','Samsung Galaxy M32 v','0'),
(622,'1','Poco X3 GT certified','3.895'),
(623,'1','Poco X3 Pro review: ','4.245'),
(624,'1','Poco M3 Pro will lau','0'),
(625,'1','Redmi K20 Pro &#2324','0'),
(626,'1','Poco X3 Pro Review: ','3.37'),
(627,'1','Poco X3 GT will be t','4.405'),
(628,'1','Redmi Note 10 Pro 5G','4.045'),
(629,'1','POCO X3 Pro has a ne','3.975'),
(630,'1','Rating  4.5 ','0'),
(631,'1','Xiaomi Poco X3 Pro a','0'),
(632,'1','&#8377;18,999.00 In ','0'),
(633,'1','Poco X3 Pro is the n','0'),
(634,'1','11-Apr-2021 · The PO','0'),
(635,'1','12-Apr-2021 · Hello ','4.3'),
(636,'1','22-Mar-2021 · Xiaomi','0'),
(637,'1','POCO X3 Pro; Specs; ','4.5600000000000005'),
(638,'1','Rating  4.5 ','0'),
(639,'1','POCO X3 Pro (Steel B','4.89'),
(640,'1','Rating  4.3 ','0'),
(641,'1','22-Mar-2021 · Poco X','0'),
(642,'1','Poco X3 Pro set to g','0'),
(643,'1','Flipkart Mobiles Bon','4.43'),
(644,'1','Samsung Galaxy M32 v','0'),
(645,'1','Poco X3 GT certified','3.895'),
(646,'1','Poco X3 Pro review: ','4.245'),
(647,'1','Poco M3 Pro will lau','0'),
(648,'1','Redmi K20 Pro &#2324','0'),
(649,'1','Poco X3 Pro Review: ','3.37'),
(650,'1','Poco X3 GT will be t','4.405'),
(651,'1','Redmi Note 10 Pro 5G','4.045'),
(652,'1','POCO X3 Pro has a ne','3.975'),
(653,'1','Rating  4.5 ','0'),
(654,'1','Xiaomi Poco X3 Pro a','0'),
(655,'1','&#8377;18,999.00 In ','0'),
(656,'1','Poco X3 Pro is the n','0'),
(657,'1','11-Apr-2021 · The PO','0'),
(658,'1','Rating  4.5 ','0'),
(659,'1','06-Apr-2021 · This p','4.7299999999999995'),
(660,'1','22-Mar-2021 · Xiaomi','0'),
(661,'1','POCO X3 Pro; Specs; ','4.5600000000000005'),
(662,'1','Rating  4.5 ','0'),
(663,'1','POCO X3 Pro (Steel B','4.89'),
(664,'1','Rating  4.3 ','0'),
(665,'1','22-Mar-2021 · Poco X','0'),
(666,'1','Poco X3 Pro set to g','0'),
(667,'1','Flipkart Mobiles Bon','4.43'),
(668,'1','Samsung Galaxy M32 v','0'),
(669,'1','Poco X3 GT certified','3.895'),
(670,'1','Poco X3 Pro review: ','4.245'),
(671,'1','Poco M3 Pro will lau','0'),
(672,'1','Redmi K20 Pro &#2324','0'),
(673,'1','Poco X3 Pro Review: ','3.37'),
(674,'1','Poco X3 GT will be t','4.405'),
(675,'1','Redmi Note 10 Pro 5G','4.045'),
(676,'1','POCO X3 Pro has a ne','3.975'),
(677,'1','Rating  4.5 ','0'),
(678,'1','Xiaomi Poco X3 Pro a','0'),
(679,'1','&#8377;18,999.00 In ','0'),
(680,'1','Poco X3 Pro is the n','0'),
(681,'1','11-Apr-2021 · The PO','0'),
(682,'1','12-Apr-2021 · Hello ','4.3'),
(683,'1','22-Mar-2021 · Xiaomi','0'),
(684,'1','POCO X3 Pro; Specs; ','4.5600000000000005'),
(685,'1','Rating  4.5 ','0'),
(686,'1','POCO X3 Pro (Steel B','4.89'),
(687,'1','Rating  4.3 ','0'),
(688,'1','22-Mar-2021 · Poco X','0'),
(689,'1','Poco X3 Pro set to g','0'),
(690,'1','Flipkart Mobiles Bon','4.43'),
(691,'1','Samsung Galaxy M32 v','0'),
(692,'1','Poco X3 GT certified','3.895'),
(693,'1','Poco X3 Pro review: ','4.245'),
(694,'1','Poco M3 Pro will lau','0'),
(695,'1','Redmi K20 Pro &#2324','0'),
(696,'1','22-Mar-2021 · Xiaomi','0'),
(697,'1','Poco X3 Pro Review: ','3.37'),
(698,'1','Poco X3 GT will be t','4.405'),
(699,'1','POCO X3 Pro; Specs; ','4.5600000000000005'),
(700,'1','Rating  4.5 ','0'),
(701,'1','Redmi Note 10 Pro 5G','4.045'),
(702,'1','POCO X3 Pro has a ne','3.975'),
(703,'1','POCO X3 Pro (Steel B','4.89'),
(704,'1','Rating  4.3 ','0'),
(705,'1','Rating  4.5 ','0'),
(706,'1','22-Mar-2021 · Poco X','0'),
(707,'1','Xiaomi Poco X3 Pro a','0'),
(708,'1','Poco X3 Pro set to g','0'),
(709,'1','Flipkart Mobiles Bon','4.43'),
(710,'1','&#8377;18,999.00 In ','0'),
(711,'1','Samsung Galaxy M32 v','0'),
(712,'1','Poco X3 Pro is the n','0'),
(713,'1','Poco X3 GT certified','3.895'),
(714,'1','11-Apr-2021 · The PO','0'),
(715,'1','Poco X3 Pro review: ','4.245'),
(716,'1','12-Apr-2021 · Hello ','4.3'),
(717,'1','Poco M3 Pro will lau','0'),
(718,'1','Redmi K20 Pro &#2324','0'),
(719,'1','Poco X3 Pro Review: ','3.37'),
(720,'1','Poco X3 GT will be t','4.405'),
(721,'1','Redmi Note 10 Pro 5G','4.045'),
(722,'1','POCO X3 Pro has a ne','3.975'),
(723,'1','Rating  4.5 ','0'),
(724,'1','Xiaomi Poco X3 Pro a','0'),
(725,'1','&#8377;18,999.00 In ','0'),
(726,'1','Poco X3 Pro is the n','0'),
(727,'1','11-Apr-2021 · The PO','0'),
(728,'1','12-Apr-2021 · Hello ','4.3'),
(729,'1','22-Mar-2021 · Xiaomi','0'),
(730,'1','POCO X3 Pro; Specs; ','4.5600000000000005'),
(731,'1','Rating  4.5 ','0'),
(732,'1','POCO X3 Pro (Steel B','4.89'),
(733,'1','Rating  4.3 ','0'),
(734,'1','22-Mar-2021 · Poco X','0'),
(735,'1','Poco X3 Pro set to g','0'),
(736,'1','Flipkart Mobiles Bon','4.43'),
(737,'1','Samsung Galaxy M32 v','0'),
(738,'1','Poco X3 GT certified','3.895'),
(739,'1','Poco X3 Pro review: ','4.245'),
(740,'1','Poco M3 Pro will lau','0'),
(741,'1','Redmi K20 Pro &#2324','0'),
(742,'1','Poco X3 Pro Review: ','3.37'),
(743,'1','Poco X3 GT will be t','4.405'),
(744,'1','Redmi Note 10 Pro 5G','4.045'),
(745,'1','POCO X3 Pro has a ne','3.975'),
(746,'1','Rating  4.5 ','0'),
(747,'1','Xiaomi Poco X3 Pro a','0'),
(748,'1','&#8377;18,999.00 In ','0'),
(749,'1','Poco X3 Pro is the n','0'),
(750,'1','22-Mar-2021 · Xiaomi','0'),
(751,'1','11-Apr-2021 · The PO','0'),
(752,'1','POCO X3 Pro; Specs; ','4.5600000000000005'),
(753,'1','Rating  4.5 ','0'),
(754,'1','12-Apr-2021 · Hello ','4.3'),
(755,'1','POCO X3 Pro (Steel B','4.89'),
(756,'1','Rating  4.3 ','0'),
(757,'1','22-Mar-2021 · Poco X','0'),
(758,'1','Poco X3 Pro set to g','0'),
(759,'1','Flipkart Mobiles Bon','4.43'),
(760,'1','Samsung Galaxy M32 v','0'),
(761,'1','Poco X3 GT certified','3.895'),
(762,'1','Poco X3 Pro review: ','4.245'),
(763,'1','Poco M3 Pro will lau','0'),
(764,'1','Redmi K20 Pro &#2324','0'),
(765,'1','Poco X3 Pro Review: ','3.37'),
(766,'1','Poco X3 GT will be t','4.405'),
(767,'1','Redmi Note 10 Pro 5G','4.045'),
(768,'1','POCO X3 Pro has a ne','3.975'),
(769,'1','Rating  4.5 ','0'),
(770,'1','Xiaomi Poco X3 Pro a','0'),
(771,'1','&#8377;18,999.00 In ','0'),
(772,'1','Poco X3 Pro is the n','0'),
(773,'1','11-Apr-2021 · The PO','0'),
(774,'1','Rating  4.5 ','0'),
(775,'1','06-Apr-2021 · This p','4.7299999999999995'),
(776,'1','22-Mar-2021 · Xiaomi','0'),
(777,'1','POCO X3 Pro; Specs; ','4.5600000000000005'),
(778,'1','Rating  4.5 ','0'),
(779,'1','POCO X3 Pro (Steel B','4.89'),
(780,'1','Rating  4.3 ','0'),
(781,'1','22-Mar-2021 · Poco X','0'),
(782,'1','Poco X3 Pro set to g','0'),
(783,'1','Flipkart Mobiles Bon','4.43'),
(784,'1','Samsung Galaxy M32 v','0'),
(785,'1','Poco X3 GT certified','3.895'),
(786,'1','Poco X3 Pro review: ','4.245'),
(787,'1','Poco M3 Pro will lau','0'),
(788,'1','Redmi K20 Pro &#2324','0'),
(789,'1','Poco X3 Pro Review: ','3.37'),
(790,'1','Poco X3 GT will be t','4.405'),
(791,'1','Redmi Note 10 Pro 5G','4.045'),
(792,'1','POCO X3 Pro has a ne','3.975'),
(793,'1','Rating  4.5 ','0'),
(794,'1','Xiaomi Poco X3 Pro a','0'),
(795,'1','&#8377;18,999.00 In ','0'),
(796,'1','Poco X3 Pro is the n','0'),
(797,'1','11-Apr-2021 · The PO','0'),
(798,'1','12-Apr-2021 · Hello ','4.3'),
(799,'1','22-Mar-2021 · Xiaomi','0'),
(800,'1','POCO X3 Pro; Specs; ','4.5600000000000005'),
(801,'1','Rating  4.5 ','0'),
(802,'1','POCO X3 Pro (Steel B','4.89'),
(803,'1','Rating  4.3 ','0'),
(804,'1','22-Mar-2021 · Poco X','0'),
(805,'1','Poco X3 Pro set to g','0'),
(806,'1','Flipkart Mobiles Bon','4.43'),
(807,'1','Samsung Galaxy M32 v','0'),
(808,'1','Poco X3 GT certified','3.895'),
(809,'1','Poco X3 Pro review: ','4.245'),
(810,'1','Poco M3 Pro will lau','0'),
(811,'1','Redmi K20 Pro &#2324','0'),
(812,'1','Poco X3 Pro Review: ','3.37'),
(813,'1','Poco X3 GT will be t','4.405'),
(814,'1','Redmi Note 10 Pro 5G','4.045'),
(815,'1','POCO X3 Pro has a ne','3.975'),
(816,'1','Rating  4.5 ','0'),
(817,'1','Xiaomi Poco X3 Pro a','0'),
(818,'1','&#8377;18,999.00 In ','0'),
(819,'1','Poco X3 Pro is the n','0'),
(820,'1','11-Apr-2021 · The PO','0'),
(821,'1','12-Apr-2021 · Hello ','4.3'),
(822,'1','4 hours ago · Xiaomi','0'),
(823,'1','POCO X3 Pro; Specs; ','4.5600000000000005'),
(824,'1','Rating  4.5 ','0'),
(825,'1','POCO X3 Pro (Steel B','4.89'),
(826,'1','Rating  4.3 ','0'),
(827,'1','22-Mar-2021 · Poco X','0'),
(828,'1','Poco X3 Pro set to g','0'),
(829,'1','Flipkart Mobiles Bon','4.43'),
(830,'1','Samsung Galaxy M32 v','0'),
(831,'1','Poco X3 GT certified','3.895'),
(832,'1','Poco X3 Pro review: ','4.245'),
(833,'1','Poco M3 Pro will lau','0'),
(834,'1','Redmi K20 Pro &#2324','0'),
(835,'1','Poco X3 Pro Review: ','3.37'),
(836,'1','Poco X3 GT will be t','4.405'),
(837,'1','Redmi Note 10 Pro 5G','4.045'),
(838,'1','POCO X3 Pro has a ne','3.975'),
(839,'1','Rating  4.5 ','0'),
(840,'1','Xiaomi Poco X3 Pro a','0'),
(841,'1','&#8377;18,999.00 In ','0'),
(842,'1','Poco X3 Pro is the n','0'),
(843,'1','11-Apr-2021 · The PO','0'),
(844,'1','12-Apr-2021 · Hello ','4.3'),
(845,'1','4 hours ago · Xiaomi','0'),
(846,'1','POCO X3 Pro; Specs; ','4.5600000000000005'),
(847,'1','Rating  4.5 ','0'),
(848,'1','POCO X3 Pro (Steel B','4.89'),
(849,'1','Rating  4.3 ','0'),
(850,'1','22-Mar-2021 · Poco X','0'),
(851,'1','Poco X3 Pro set to g','0'),
(852,'1','Flipkart Mobiles Bon','4.43'),
(853,'1','Samsung Galaxy M32 v','0'),
(854,'1','Poco X3 GT certified','3.895'),
(855,'1','Poco X3 Pro review: ','4.245'),
(856,'1','Poco M3 Pro will lau','0'),
(857,'1','Redmi K20 Pro &#2324','0'),
(858,'1','Poco X3 Pro Review: ','3.37'),
(859,'1','Poco X3 GT will be t','4.405'),
(860,'1','Redmi Note 10 Pro 5G','4.045'),
(861,'1','POCO X3 Pro has a ne','3.975'),
(862,'1','Rating  4.5 ','0'),
(863,'1','Xiaomi Poco X3 Pro a','0'),
(864,'1','&#8377;18,999.00 In ','0'),
(865,'1','Poco X3 Pro is the n','0'),
(866,'1','11-Apr-2021 · The PO','0'),
(867,'1','12-Apr-2021 · Hello ','4.3'),
(868,'1','4 hours ago · Xiaomi','0'),
(869,'1','POCO X3 Pro; Specs; ','4.5600000000000005'),
(870,'1','Rating  4.5 ','0'),
(871,'1','POCO X3 Pro (Steel B','4.89'),
(872,'1','Rating  4.3 ','0'),
(873,'1','22-Mar-2021 · Poco X','0'),
(874,'1','Poco X3 Pro set to g','0'),
(875,'1','Flipkart Mobiles Bon','4.43'),
(876,'1','Samsung Galaxy M32 v','0'),
(877,'1','Poco X3 GT certified','3.895'),
(878,'1','Poco X3 Pro review: ','4.245'),
(879,'1','Poco M3 Pro will lau','0'),
(880,'1','Redmi K20 Pro &#2324','0'),
(881,'1','Poco X3 Pro Review: ','3.37'),
(882,'1','Poco X3 GT will be t','4.405'),
(883,'1','Redmi Note 10 Pro 5G','4.045'),
(884,'1','POCO X3 Pro has a ne','3.975'),
(885,'1','Rating  4.5 ','0'),
(886,'1','Xiaomi Poco X3 Pro a','0'),
(887,'1','&#8377;18,999.00 In ','0'),
(888,'1','Poco X3 Pro is the n','0'),
(889,'1','11-Apr-2021 · The PO','0'),
(890,'1','12-Apr-2021 · Hello ','4.3'),
(891,'1','4 hours ago · Xiaomi','0'),
(892,'1','POCO X3 Pro; Specs; ','4.5600000000000005'),
(893,'1','Rating  4.5 ','0'),
(894,'1','POCO X3 Pro (Steel B','4.89'),
(895,'1','Rating  4.3 ','0'),
(896,'1','22-Mar-2021 · Poco X','0'),
(897,'1','Poco X3 Pro set to g','0'),
(898,'1','Flipkart Mobiles Bon','4.43'),
(899,'1','Samsung Galaxy M32 v','0'),
(900,'1','Poco X3 GT certified','3.895'),
(901,'1','Poco X3 Pro review: ','4.245'),
(902,'1','Poco M3 Pro will lau','0'),
(903,'1','Redmi K20 Pro &#2324','0'),
(904,'1','Poco X3 Pro Review: ','3.37'),
(905,'1','Poco X3 GT will be t','4.405'),
(906,'1','Redmi Note 10 Pro 5G','4.045'),
(907,'1','POCO X3 Pro has a ne','3.975'),
(908,'1','Rating  4.5 ','0'),
(909,'1','Xiaomi Poco X3 Pro a','0'),
(910,'1','&#8377;18,999.00 In ','0'),
(911,'1','Poco X3 Pro is the n','0'),
(912,'1','11-Apr-2021 · The PO','0'),
(913,'1','12-Apr-2021 · Hello ','4.3'),
(914,'2','The latest Tweets fr','0'),
(915,'2','Missing:  max1 | Mus','-2.1149999999999998'),
(916,'2','New iPhone 12 Pro Ma','0'),
(917,'2','Missing:  max1 | Mus','-2.1149999999999998'),
(918,'2','Iphone 12 Pro Max &#','0'),
(919,'2','Missing:  max1 | Mus','-2.1149999999999998'),
(920,'2','See Tweets about #ip','4.32'),
(921,'2','Missing:  max1 | Mus','-2.1149999999999998'),
(922,'2','On 8 Sep 2020 @sulab','4.3'),
(923,'2','Missing:  max1 | Mus','-2.1149999999999998'),
(924,'2','The latest Tweets fr','0'),
(925,'2','Missing:  max1 | Mus','-2.1149999999999998'),
(926,'2','09-Nov-2020 · Apple ','4.13'),
(927,'2','Missing:  max1 @ipho','-2.62'),
(928,'2','25-Aug-2020 · Video ','0'),
(929,'2','Missing:  max1 @ipho','-2.62'),
(930,'2','14-Dec-2020 · iPhone','4.0649999999999995'),
(931,'2','In order to show you','4.640000000000001'),
(932,'2','The latest Tweets on','0'),
(933,'2','Missing:  max1 | Mus','-2.1149999999999998'),
(934,'2','The latest Tweets fr','0'),
(935,'2','Missing:  max1 | Mus','-2.1149999999999998'),
(936,'2','Iphone 12 Pro Max &#','4.48'),
(937,'2','Missing:  max1 | Mus','-2.1149999999999998'),
(938,'2','See Tweets about #ip','4.32'),
(939,'2','Missing:  max1 | Mus','-2.1149999999999998'),
(940,'2','The LiDAR Scanner on','0'),
(941,'2','Missing:  max1 @ipho','-2.1149999999999998'),
(942,'2','iPhone 12 Pro Max. 1','4.565'),
(943,'2','Missing:  max1 @ipho','-2.1149999999999998'),
(944,'2','14-Dec-2020 · iPhone','4.0649999999999995'),
(945,'2','Rating  4.4 ','0'),
(946,'2','iPhone 12 Pro Max Us','0'),
(947,'2','Missing:  max1 @ipho','-2.62'),
(948,'2','Apple iPhone 12 Pro ','0'),
(949,'2','Missing:  max1 @ipho','-2.62'),
(950,'2','In order to show you','4.640000000000001'),
(951,'4','The Redmi Note 10 Pr','4.37'),
(952,'4','6 days ago · Xiaomi ','0'),
(953,'4','Rating  3.5 ','0'),
(954,'4','31-Mar-2021 · Redmi ','0'),
(955,'4','Rating  4.1 ','0'),
(956,'4','Redmi Note 10 Pro Ma','4.35'),
(957,'4','Mi 11 Lite quick rev','-0.55'),
(958,'4','Samsung Galaxy M32 v','0'),
(959,'4','Xiaomi Redmi Note 10','0'),
(960,'4','&#2348;&#2306;&#2346','0'),
(961,'4','Redmi Note 10 Pro 5G','4.16'),
(962,'4','Chinese Redmi Note 1','0'),
(963,'4','Redmi Note 10 Pro (M','4.0200000000000005'),
(964,'4','OnePlus Nord CE vs R','0'),
(965,'4','Redmi Note 10 Pro (G','4.14'),
(966,'4','Realme X7 5G vs Redm','0'),
(967,'4','Rating  4.3 ','0'),
(968,'4','REDMI Note 10 Pro Ma','4.85'),
(969,'4','Rating  4.3 ','0'),
(970,'4','11-Mar-2021 · Xiaomi','4.35'),
(971,'4','07-Apr-2021 · Here s','0'),
(972,'4','07-Mar-2021 · Hello ','4.33'),
(973,'4','The Redmi Note 10 Pr','4.37'),
(974,'4','6 days ago · Xiaomi ','0'),
(975,'4','Rating  3.5 ','0'),
(976,'4','31-Mar-2021 · Redmi ','0'),
(977,'4','Rating  4.1 ','0'),
(978,'4','Redmi Note 10 Pro Ma','4.35'),
(979,'4','Mi 11 Lite quick rev','-0.55'),
(980,'4','Samsung Galaxy M32 v','0'),
(981,'4','Xiaomi Redmi Note 10','0'),
(982,'4','&#2348;&#2306;&#2346','0'),
(983,'4','Redmi Note 10 Pro 5G','4.16'),
(984,'4','Chinese Redmi Note 1','0'),
(985,'4','Redmi Note 10 Pro (M','4.0200000000000005'),
(986,'4','OnePlus Nord CE vs R','0'),
(987,'4','Redmi Note 10 Pro (G','4.14'),
(988,'4','Realme X7 5G vs Redm','0'),
(989,'4','Rating  4.3 ','0'),
(990,'4','REDMI Note 10 Pro Ma','4.85'),
(991,'4','Rating  4.3 ','0'),
(992,'4','11-Mar-2021 · Xiaomi','4.35'),
(993,'4','07-Apr-2021 · Here s','0'),
(994,'4','07-Mar-2021 · Hello ','4.33'),
(995,'1','4 hours ago · Xiaomi','0'),
(996,'1','POCO X3 Pro; Specs; ','4.5600000000000005'),
(997,'1','Rating  4.3 ','0'),
(998,'1','22-Mar-2021 · Poco X','0'),
(999,'1','Rating  4.5 ','0'),
(1000,'1','POCO X3 Pro (Steel B','4.89'),
(1001,'1','Poco X3 Pro set to g','0'),
(1002,'1','Flipkart Mobiles Bon','4.43'),
(1003,'1','Samsung Galaxy M32 v','0'),
(1004,'1','Poco X3 GT certified','3.895'),
(1005,'1','Poco X3 Pro review: ','4.245'),
(1006,'1','Poco M3 Pro will lau','0'),
(1007,'1','Redmi K20 Pro &#2324','0'),
(1008,'1','Poco X3 Pro Review: ','3.37'),
(1009,'1','Poco X3 GT will be t','4.405'),
(1010,'1','Redmi Note 10 Pro 5G','4.045'),
(1011,'1','POCO X3 Pro has a ne','3.975'),
(1012,'1','Rating  4.5 ','0'),
(1013,'1','Xiaomi Poco X3 Pro a','0'),
(1014,'1','&#8377;18,999.00 In ','0'),
(1015,'1','Poco X3 Pro is the n','0'),
(1016,'1','11-Apr-2021 · The PO','0'),
(1017,'1','12-Apr-2021 · Hello ','4.3'),
(1018,'1','4 hours ago · Xiaomi','0'),
(1019,'1','POCO X3 Pro; Specs; ','4.5600000000000005'),
(1020,'1','Rating  4.3 ','0'),
(1021,'1','22-Mar-2021 · Poco X','0'),
(1022,'1','Rating  4.5 ','0'),
(1023,'1','POCO X3 Pro (Steel B','4.89'),
(1024,'1','Poco X3 Pro set to g','0'),
(1025,'1','Flipkart Mobiles Bon','4.43'),
(1026,'1','Samsung Galaxy M32 v','0'),
(1027,'1','Poco X3 GT certified','3.895'),
(1028,'1','Poco X3 Pro review: ','4.245'),
(1029,'1','Poco M3 Pro will lau','0'),
(1030,'1','Redmi K20 Pro &#2324','0'),
(1031,'1','Poco X3 Pro Review: ','3.37'),
(1032,'1','Poco X3 GT will be t','4.405'),
(1033,'1','Redmi Note 10 Pro 5G','4.045'),
(1034,'1','POCO X3 Pro has a ne','3.975'),
(1035,'1','Rating  4.5 ','0'),
(1036,'1','Xiaomi Poco X3 Pro a','0'),
(1037,'1','&#8377;18,999.00 In ','0'),
(1038,'1','Poco X3 Pro is the n','0'),
(1039,'1','11-Apr-2021 · The PO','0'),
(1040,'1','12-Apr-2021 · Hello ','4.3'),
(1041,'2','The latest Tweets fr','0'),
(1042,'2','Missing:  max1 | Mus','-2.1149999999999998'),
(1043,'2','New iPhone 12 Pro Ma','0'),
(1044,'2','Missing:  max1 | Mus','-2.1149999999999998'),
(1045,'2','Iphone 12 Pro Max &#','0'),
(1046,'2','Missing:  max1 | Mus','-2.1149999999999998'),
(1047,'2','See Tweets about #ip','4.32'),
(1048,'2','Missing:  max1 | Mus','-2.1149999999999998'),
(1049,'2','On 8 Sep 2020 @sulab','4.3'),
(1050,'2','Missing:  max1 | Mus','-2.1149999999999998'),
(1051,'2','The latest Tweets fr','0'),
(1052,'2','Missing:  max1 | Mus','-2.1149999999999998'),
(1053,'2','09-Nov-2020 · Apple ','4.13'),
(1054,'2','Missing:  max1 @ipho','-2.62'),
(1055,'2','25-Aug-2020 · Video ','0'),
(1056,'2','Missing:  max1 @ipho','-2.62'),
(1057,'2','14-Dec-2020 · iPhone','4.0649999999999995'),
(1058,'2','In order to show you','4.640000000000001'),
(1059,'2','The latest Tweets fr','0'),
(1060,'2','Missing:  max1 | Mus','-2.1149999999999998'),
(1061,'2','The latest Tweets on','0'),
(1062,'2','Missing:  max1 | Mus','-2.1149999999999998'),
(1063,'2','Iphone 12 Pro Max &#','4.48'),
(1064,'2','Missing:  max1 | Mus','-2.1149999999999998'),
(1065,'2','See Tweets about #ip','4.32'),
(1066,'2','Missing:  max1 | Mus','-2.1149999999999998'),
(1067,'2','On 8 Sep 2020 @sulab','4.2299999999999995'),
(1068,'2','Missing:  max1 | Mus','-2.1149999999999998'),
(1069,'2','&#12302;Bench&#12303','0'),
(1070,'2','Missing:  max1 | Mus','-2.1149999999999998'),
(1071,'2','Actual iPhone 12 Pro','0'),
(1072,'2','Missing:  max1 @ipho','-2.62'),
(1073,'2','14-Nov-2020 · A quic','0'),
(1074,'2','The LiDAR Scanner on','0'),
(1075,'2','Missing:  max1 @ipho','-2.1149999999999998'),
(1076,'2','In order to show you','4.640000000000001'),
(1077,'2','The latest Tweets fr','0'),
(1078,'2','Missing:  max1 | Mus','-2.1149999999999998'),
(1079,'2','New iPhone 12 Pro Ma','0'),
(1080,'2','Missing:  max1 | Mus','-2.1149999999999998'),
(1081,'2','Iphone 12 Pro Max &#','0'),
(1082,'2','Missing:  max1 | Mus','-2.1149999999999998'),
(1083,'2','See Tweets about #ip','4.32'),
(1084,'2','Missing:  max1 | Mus','-2.1149999999999998'),
(1085,'2','On 8 Sep 2020 @sulab','4.3'),
(1086,'2','Missing:  max1 | Mus','-2.1149999999999998'),
(1087,'2','The latest Tweets fr','0'),
(1088,'2','Missing:  max1 | Mus','-2.1149999999999998'),
(1089,'2','09-Nov-2020 · Apple ','4.13'),
(1090,'2','Missing:  max1 @ipho','-2.62'),
(1091,'2','iPhone 12 mini, iPho','4.515000000000001'),
(1092,'2','Missing:  max1 | Mus','-2.1149999999999998'),
(1093,'2','14-Nov-2020 · A quic','4.525'),
(1094,'2','In order to show you','4.640000000000001'),
(1095,'2','The latest Tweets fr','0'),
(1096,'2','Missing:  max1 | Mus','-2.1149999999999998'),
(1097,'2','The latest Tweets on','0'),
(1098,'2','Missing:  max1 | Mus','-2.1149999999999998'),
(1099,'2','Iphone 12 Pro Max &#','4.48'),
(1100,'2','Missing:  max1 | Mus','-2.1149999999999998'),
(1101,'2','See Tweets about #ip','4.32'),
(1102,'2','Missing:  max1 | Mus','-2.1149999999999998'),
(1103,'2','On 8 Sep 2020 @sulab','4.2299999999999995'),
(1104,'2','Missing:  max1 | Mus','-2.1149999999999998'),
(1105,'2','&#12302;Bench&#12303','0'),
(1106,'2','Missing:  max1 | Mus','-2.1149999999999998'),
(1107,'2','Couple iPhone 13 Pro','0'),
(1108,'2','Missing:  max1 @ipho','-2.62'),
(1109,'2','14-Dec-2020 · iPhone','4.0649999999999995'),
(1110,'2','The LiDAR Scanner on','0'),
(1111,'2','Missing:  max1 @ipho','-2.1149999999999998'),
(1112,'2','In order to show you','4.640000000000001'),
(1113,'2','The latest Tweets fr','0'),
(1114,'2','Missing:  max1 | Mus','-2.1149999999999998'),
(1115,'2','New iPhone 12 Pro Ma','0'),
(1116,'2','Missing:  max1 | Mus','-2.1149999999999998'),
(1117,'2','Iphone 12 Pro Max &#','0'),
(1118,'2','Missing:  max1 | Mus','-2.1149999999999998'),
(1119,'2','See Tweets about #ip','4.32'),
(1120,'2','Missing:  max1 | Mus','-2.1149999999999998'),
(1121,'2','On 8 Sep 2020 @sulab','4.3'),
(1122,'2','Missing:  max1 | Mus','-2.1149999999999998'),
(1123,'2','The latest Tweets fr','0'),
(1124,'2','Missing:  max1 | Mus','-2.1149999999999998'),
(1125,'2','09-Nov-2020 · Apple ','4.13'),
(1126,'2','Missing:  max1 @ipho','-2.62'),
(1127,'2','25-Aug-2020 · Video ','0'),
(1128,'2','Missing:  max1 @ipho','-2.62'),
(1129,'2','14-Dec-2020 · iPhone','4.0649999999999995'),
(1130,'2','In order to show you','4.640000000000001'),
(1131,'2','The latest Tweets fr','0'),
(1132,'2','Missing:  max1 | Mus','-2.1149999999999998'),
(1133,'2','The latest Tweets on','0'),
(1134,'2','Missing:  max1 | Mus','-2.1149999999999998'),
(1135,'2','Iphone 12 Pro Max &#','4.48'),
(1136,'2','Missing:  max1 | Mus','-2.1149999999999998'),
(1137,'2','See Tweets about #ip','4.32'),
(1138,'2','Missing:  max1 | Mus','-2.1149999999999998'),
(1139,'2','On 8 Sep 2020 @sulab','4.2299999999999995'),
(1140,'2','Missing:  max1 | Mus','-2.1149999999999998'),
(1141,'2','&#12302;Bench&#12303','0'),
(1142,'2','Missing:  max1 | Mus','-2.1149999999999998'),
(1143,'2','Couple iPhone 13 Pro','0'),
(1144,'2','Missing:  max1 @ipho','-2.62'),
(1145,'2','14-Dec-2020 · iPhone','4.0649999999999995'),
(1146,'2','The LiDAR Scanner on','0'),
(1147,'2','Missing:  max1 @ipho','-2.1149999999999998'),
(1148,'2','In order to show you','4.640000000000001'),
(1149,'2','The latest Tweets fr','0'),
(1150,'2','Missing:  max1 | Mus','-2.1149999999999998'),
(1151,'2','New iPhone 12 Pro Ma','0'),
(1152,'2','Missing:  max1 | Mus','-2.1149999999999998'),
(1153,'2','Iphone 12 Pro Max &#','0'),
(1154,'2','Missing:  max1 | Mus','-2.1149999999999998'),
(1155,'2','See Tweets about #ip','4.32'),
(1156,'2','Missing:  max1 | Mus','-2.1149999999999998'),
(1157,'2','On 8 Sep 2020 @sulab','4.3'),
(1158,'2','Missing:  max1 | Mus','-2.1149999999999998'),
(1159,'2','The latest Tweets fr','0'),
(1160,'2','Missing:  max1 | Mus','-2.1149999999999998'),
(1161,'2','09-Nov-2020 · Apple ','4.13'),
(1162,'2','Missing:  max1 @ipho','-2.62'),
(1163,'2','25-Aug-2020 · Video ','0'),
(1164,'2','Missing:  max1 @ipho','-2.62'),
(1165,'2','14-Dec-2020 · iPhone','4.0649999999999995'),
(1166,'2','In order to show you','4.640000000000001'),
(1167,'2','The latest Tweets fr','0'),
(1168,'2','Missing:  max1 | Mus','-2.1149999999999998'),
(1169,'2','The latest Tweets on','0'),
(1170,'2','Missing:  max1 | Mus','-2.1149999999999998'),
(1171,'2','Iphone 12 Pro Max &#','4.48'),
(1172,'2','Missing:  max1 | Mus','-2.1149999999999998'),
(1173,'2','See Tweets about #ip','4.32'),
(1174,'2','Missing:  max1 | Mus','-2.1149999999999998'),
(1175,'2','On 8 Sep 2020 @sulab','4.2299999999999995'),
(1176,'2','Missing:  max1 | Mus','-2.1149999999999998'),
(1177,'2','&#12302;Bench&#12303','0'),
(1178,'2','Missing:  max1 | Mus','-2.1149999999999998'),
(1179,'2','Couple iPhone 13 Pro','0'),
(1180,'2','Missing:  max1 @ipho','-2.62'),
(1181,'2','14-Dec-2020 · iPhone','4.0649999999999995'),
(1182,'2','The LiDAR Scanner on','0'),
(1183,'2','Missing:  max1 @ipho','-2.1149999999999998'),
(1184,'2','In order to show you','4.640000000000001'),
(1185,'2','The latest Tweets fr','0'),
(1186,'2','Missing:  max1 | Mus','-2.1149999999999998'),
(1187,'2','New iPhone 12 Pro Ma','0'),
(1188,'2','Missing:  max1 | Mus','-2.1149999999999998'),
(1189,'2','Iphone 12 Pro Max &#','0'),
(1190,'2','Missing:  max1 | Mus','-2.1149999999999998'),
(1191,'2','See Tweets about #ip','4.32'),
(1192,'2','Missing:  max1 | Mus','-2.1149999999999998'),
(1193,'2','On 8 Sep 2020 @sulab','4.3'),
(1194,'2','Missing:  max1 | Mus','-2.1149999999999998'),
(1195,'2','The latest Tweets fr','0'),
(1196,'2','Missing:  max1 | Mus','-2.1149999999999998'),
(1197,'2','09-Nov-2020 · Apple ','4.13'),
(1198,'2','Missing:  max1 @ipho','-2.62'),
(1199,'2','25-Aug-2020 · Video ','0'),
(1200,'2','Missing:  max1 @ipho','-2.62'),
(1201,'2','14-Dec-2020 · iPhone','4.0649999999999995'),
(1202,'2','In order to show you','4.640000000000001'),
(1203,'2','The latest Tweets fr','0'),
(1204,'2','Missing:  max1 | Mus','-2.1149999999999998'),
(1205,'2','The latest Tweets on','0'),
(1206,'2','Missing:  max1 | Mus','-2.1149999999999998'),
(1207,'2','Iphone 12 Pro Max &#','4.48'),
(1208,'2','Missing:  max1 | Mus','-2.1149999999999998'),
(1209,'2','See Tweets about #ip','4.32'),
(1210,'2','Missing:  max1 | Mus','-2.1149999999999998'),
(1211,'2','On 8 Sep 2020 @sulab','4.2299999999999995'),
(1212,'2','Missing:  max1 | Mus','-2.1149999999999998'),
(1213,'2','&#12302;Bench&#12303','0'),
(1214,'2','Missing:  max1 | Mus','-2.1149999999999998'),
(1215,'2','Couple iPhone 13 Pro','0'),
(1216,'2','Missing:  max1 @ipho','-2.62'),
(1217,'2','14-Dec-2020 · iPhone','4.0649999999999995'),
(1218,'2','The LiDAR Scanner on','0'),
(1219,'2','Missing:  max1 @ipho','-2.1149999999999998'),
(1220,'2','In order to show you','4.640000000000001'),
(1221,'2','The latest Tweets fr','0'),
(1222,'2','Missing:  max1 | Mus','-2.1149999999999998'),
(1223,'2','New iPhone 12 Pro Ma','0'),
(1224,'2','Missing:  max1 | Mus','-2.1149999999999998'),
(1225,'2','Iphone 12 Pro Max &#','0'),
(1226,'2','Missing:  max1 | Mus','-2.1149999999999998'),
(1227,'2','See Tweets about #ip','4.32'),
(1228,'2','Missing:  max1 | Mus','-2.1149999999999998'),
(1229,'2','On 8 Sep 2020 @sulab','4.3'),
(1230,'2','Missing:  max1 | Mus','-2.1149999999999998'),
(1231,'2','The latest Tweets fr','0'),
(1232,'2','Missing:  max1 | Mus','-2.1149999999999998'),
(1233,'2','09-Nov-2020 · Apple ','4.13'),
(1234,'2','Missing:  max1 @ipho','-2.62'),
(1235,'2','25-Aug-2020 · Video ','0'),
(1236,'2','Missing:  max1 @ipho','-2.62'),
(1237,'2','14-Dec-2020 · iPhone','4.0649999999999995'),
(1238,'2','In order to show you','4.640000000000001'),
(1239,'2','The latest Tweets fr','0'),
(1240,'2','Missing:  max1 | Mus','-2.1149999999999998'),
(1241,'2','The latest Tweets on','0'),
(1242,'2','Missing:  max1 | Mus','-2.1149999999999998'),
(1243,'2','Iphone 12 Pro Max &#','4.48'),
(1244,'2','Missing:  max1 | Mus','-2.1149999999999998'),
(1245,'2','See Tweets about #ip','4.32'),
(1246,'2','Missing:  max1 | Mus','-2.1149999999999998'),
(1247,'2','On 8 Sep 2020 @sulab','4.2299999999999995'),
(1248,'2','Missing:  max1 | Mus','-2.1149999999999998'),
(1249,'2','&#12302;Bench&#12303','0'),
(1250,'2','Missing:  max1 | Mus','-2.1149999999999998'),
(1251,'2','Couple iPhone 13 Pro','0'),
(1252,'2','Missing:  max1 @ipho','-2.62'),
(1253,'2','14-Dec-2020 · iPhone','4.0649999999999995'),
(1254,'2','The LiDAR Scanner on','0'),
(1255,'2','Missing:  max1 @ipho','-2.1149999999999998'),
(1256,'2','In order to show you','4.640000000000001'),
(1257,'2','The latest Tweets fr','0'),
(1258,'2','Missing:  max1 | Mus','-2.1149999999999998'),
(1259,'2','New iPhone 12 Pro Ma','0'),
(1260,'2','Missing:  max1 | Mus','-2.1149999999999998'),
(1261,'2','Iphone 12 Pro Max &#','0'),
(1262,'2','Missing:  max1 | Mus','-2.1149999999999998'),
(1263,'2','See Tweets about #ip','4.32'),
(1264,'2','Missing:  max1 | Mus','-2.1149999999999998'),
(1265,'2','On 8 Sep 2020 @sulab','4.3'),
(1266,'2','Missing:  max1 | Mus','-2.1149999999999998'),
(1267,'2','The latest Tweets fr','0'),
(1268,'2','Missing:  max1 | Mus','-2.1149999999999998'),
(1269,'2','09-Nov-2020 · Apple ','4.13'),
(1270,'2','Missing:  max1 @ipho','-2.62'),
(1271,'2','25-Aug-2020 · Video ','0'),
(1272,'2','Missing:  max1 @ipho','-2.62'),
(1273,'2','14-Dec-2020 · iPhone','4.0649999999999995'),
(1274,'2','In order to show you','4.640000000000001'),
(1275,'2','The latest Tweets fr','0'),
(1276,'2','Missing:  max1 | Mus','-2.1149999999999998'),
(1277,'2','The latest Tweets on','0'),
(1278,'2','Missing:  max1 | Mus','-2.1149999999999998'),
(1279,'2','Iphone 12 Pro Max &#','4.48'),
(1280,'2','Missing:  max1 | Mus','-2.1149999999999998'),
(1281,'2','See Tweets about #ip','4.32'),
(1282,'2','Missing:  max1 | Mus','-2.1149999999999998'),
(1283,'2','On 8 Sep 2020 @sulab','4.2299999999999995'),
(1284,'2','Missing:  max1 | Mus','-2.1149999999999998'),
(1285,'2','&#12302;Bench&#12303','0'),
(1286,'2','Missing:  max1 | Mus','-2.1149999999999998'),
(1287,'2','Couple iPhone 13 Pro','0'),
(1288,'2','Missing:  max1 @ipho','-2.62'),
(1289,'2','14-Dec-2020 · iPhone','4.0649999999999995'),
(1290,'2','The LiDAR Scanner on','0'),
(1291,'2','Missing:  max1 @ipho','-2.1149999999999998'),
(1292,'2','In order to show you','4.640000000000001'),
(1293,'2','The latest Tweets fr','0'),
(1294,'2','Missing:  max1 | Mus','-2.1149999999999998'),
(1295,'2','New iPhone 12 Pro Ma','0'),
(1296,'2','Missing:  max1 | Mus','-2.1149999999999998'),
(1297,'2','Iphone 12 Pro Max &#','0'),
(1298,'2','Missing:  max1 | Mus','-2.1149999999999998'),
(1299,'2','See Tweets about #ip','4.32'),
(1300,'2','Missing:  max1 | Mus','-2.1149999999999998'),
(1301,'2','On 8 Sep 2020 @sulab','4.3'),
(1302,'2','Missing:  max1 | Mus','-2.1149999999999998'),
(1303,'2','The latest Tweets fr','0'),
(1304,'2','Missing:  max1 | Mus','-2.1149999999999998'),
(1305,'2','09-Nov-2020 · Apple ','4.13'),
(1306,'2','Missing:  max1 @ipho','-2.62'),
(1307,'2','25-Aug-2020 · Video ','0'),
(1308,'2','Missing:  max1 @ipho','-2.62'),
(1309,'2','14-Dec-2020 · iPhone','4.0649999999999995'),
(1310,'2','In order to show you','4.640000000000001'),
(1311,'2','The latest Tweets fr','0'),
(1312,'2','Missing:  max1 | Mus','-2.1149999999999998'),
(1313,'2','The latest Tweets on','0'),
(1314,'2','Missing:  max1 | Mus','-2.1149999999999998'),
(1315,'2','Iphone 12 Pro Max &#','4.48'),
(1316,'2','Missing:  max1 | Mus','-2.1149999999999998'),
(1317,'2','See Tweets about #ip','4.32'),
(1318,'2','Missing:  max1 | Mus','-2.1149999999999998'),
(1319,'2','On 8 Sep 2020 @sulab','4.2299999999999995'),
(1320,'2','Missing:  max1 | Mus','-2.1149999999999998'),
(1321,'2','&#12302;Bench&#12303','0'),
(1322,'2','Missing:  max1 | Mus','-2.1149999999999998'),
(1323,'2','Couple iPhone 13 Pro','0'),
(1324,'2','Missing:  max1 @ipho','-2.62'),
(1325,'2','14-Dec-2020 · iPhone','4.0649999999999995'),
(1326,'2','The LiDAR Scanner on','0'),
(1327,'2','Missing:  max1 @ipho','-2.1149999999999998'),
(1328,'2','In order to show you','4.640000000000001'),
(1329,'2','The latest Tweets fr','0'),
(1330,'2','Missing:  max1 | Mus','-2.1149999999999998'),
(1331,'2','New iPhone 12 Pro Ma','0'),
(1332,'2','Missing:  max1 | Mus','-2.1149999999999998'),
(1333,'2','Iphone 12 Pro Max &#','0'),
(1334,'2','Missing:  max1 | Mus','-2.1149999999999998'),
(1335,'2','See Tweets about #ip','4.32'),
(1336,'2','Missing:  max1 | Mus','-2.1149999999999998'),
(1337,'2','On 8 Sep 2020 @sulab','4.3'),
(1338,'2','Missing:  max1 | Mus','-2.1149999999999998'),
(1339,'2','The latest Tweets fr','0'),
(1340,'2','Missing:  max1 | Mus','-2.1149999999999998'),
(1341,'2','09-Nov-2020 · Apple ','4.13'),
(1342,'2','Missing:  max1 @ipho','-2.62'),
(1343,'2','25-Aug-2020 · Video ','0'),
(1344,'2','Missing:  max1 @ipho','-2.62'),
(1345,'2','14-Dec-2020 · iPhone','4.0649999999999995'),
(1346,'2','In order to show you','4.640000000000001'),
(1347,'2','The latest Tweets fr','0'),
(1348,'2','Missing:  max1 | Mus','-2.1149999999999998'),
(1349,'2','The latest Tweets on','0'),
(1350,'2','Missing:  max1 | Mus','-2.1149999999999998'),
(1351,'2','Iphone 12 Pro Max &#','4.48'),
(1352,'2','Missing:  max1 | Mus','-2.1149999999999998'),
(1353,'2','See Tweets about #ip','4.32'),
(1354,'2','Missing:  max1 | Mus','-2.1149999999999998'),
(1355,'2','On 8 Sep 2020 @sulab','4.2299999999999995'),
(1356,'2','Missing:  max1 | Mus','-2.1149999999999998'),
(1357,'2','&#12302;Bench&#12303','0'),
(1358,'2','Missing:  max1 | Mus','-2.1149999999999998'),
(1359,'2','Couple iPhone 13 Pro','0'),
(1360,'2','Missing:  max1 @ipho','-2.62'),
(1361,'2','14-Dec-2020 · iPhone','4.0649999999999995'),
(1362,'2','The LiDAR Scanner on','0'),
(1363,'2','Missing:  max1 @ipho','-2.1149999999999998'),
(1364,'2','In order to show you','4.640000000000001'),
(1365,'2','The latest Tweets fr','0'),
(1366,'2','Missing:  max1 | Mus','-2.1149999999999998'),
(1367,'2','New iPhone 12 Pro Ma','0'),
(1368,'2','Missing:  max1 | Mus','-2.1149999999999998'),
(1369,'2','Iphone 12 Pro Max &#','0'),
(1370,'2','Missing:  max1 | Mus','-2.1149999999999998'),
(1371,'2','See Tweets about #ip','4.32'),
(1372,'2','Missing:  max1 | Mus','-2.1149999999999998'),
(1373,'2','On 8 Sep 2020 @sulab','4.3'),
(1374,'2','Missing:  max1 | Mus','-2.1149999999999998'),
(1375,'2','The latest Tweets fr','0'),
(1376,'2','Missing:  max1 | Mus','-2.1149999999999998'),
(1377,'2','09-Nov-2020 · Apple ','4.13'),
(1378,'2','Missing:  max1 @ipho','-2.62'),
(1379,'2','25-Aug-2020 · Video ','0'),
(1380,'2','Missing:  max1 @ipho','-2.62'),
(1381,'2','14-Dec-2020 · iPhone','4.0649999999999995'),
(1382,'2','In order to show you','4.640000000000001'),
(1383,'2','The latest Tweets fr','0'),
(1384,'2','Missing:  max1 | Mus','-2.1149999999999998'),
(1385,'2','The latest Tweets on','0'),
(1386,'2','Missing:  max1 | Mus','-2.1149999999999998'),
(1387,'2','Iphone 12 Pro Max &#','4.48'),
(1388,'2','Missing:  max1 | Mus','-2.1149999999999998'),
(1389,'2','See Tweets about #ip','4.32'),
(1390,'2','Missing:  max1 | Mus','-2.1149999999999998'),
(1391,'2','On 8 Sep 2020 @sulab','4.2299999999999995'),
(1392,'2','Missing:  max1 | Mus','-2.1149999999999998'),
(1393,'2','&#12302;Bench&#12303','0'),
(1394,'2','Missing:  max1 | Mus','-2.1149999999999998'),
(1395,'2','Couple iPhone 13 Pro','0'),
(1396,'2','Missing:  max1 @ipho','-2.62'),
(1397,'2','14-Dec-2020 · iPhone','4.0649999999999995'),
(1398,'2','The LiDAR Scanner on','0'),
(1399,'2','Missing:  max1 @ipho','-2.1149999999999998'),
(1400,'2','In order to show you','4.640000000000001'),
(1401,'2','The latest Tweets fr','0'),
(1402,'2','Missing:  max1 | Mus','-2.1149999999999998'),
(1403,'2','New iPhone 12 Pro Ma','0'),
(1404,'2','Missing:  max1 | Mus','-2.1149999999999998'),
(1405,'2','Iphone 12 Pro Max &#','0'),
(1406,'2','Missing:  max1 | Mus','-2.1149999999999998'),
(1407,'2','See Tweets about #ip','4.32'),
(1408,'2','Missing:  max1 | Mus','-2.1149999999999998'),
(1409,'2','On 8 Sep 2020 @sulab','4.3'),
(1410,'2','Missing:  max1 | Mus','-2.1149999999999998'),
(1411,'2','The latest Tweets fr','0'),
(1412,'2','Missing:  max1 | Mus','-2.1149999999999998'),
(1413,'2','09-Nov-2020 · Apple ','4.13'),
(1414,'2','Missing:  max1 @ipho','-2.62'),
(1415,'2','25-Aug-2020 · Video ','0'),
(1416,'2','Missing:  max1 @ipho','-2.62'),
(1417,'2','14-Dec-2020 · iPhone','4.0649999999999995'),
(1418,'2','In order to show you','4.640000000000001'),
(1419,'2','The latest Tweets fr','0'),
(1420,'2','Missing:  max1 | Mus','-2.1149999999999998'),
(1421,'2','The latest Tweets on','0'),
(1422,'2','Missing:  max1 | Mus','-2.1149999999999998'),
(1423,'2','Iphone 12 Pro Max &#','4.48'),
(1424,'2','Missing:  max1 | Mus','-2.1149999999999998'),
(1425,'2','See Tweets about #ip','4.32'),
(1426,'2','Missing:  max1 | Mus','-2.1149999999999998'),
(1427,'2','On 8 Sep 2020 @sulab','4.2299999999999995'),
(1428,'2','Missing:  max1 | Mus','-2.1149999999999998'),
(1429,'2','&#12302;Bench&#12303','0'),
(1430,'2','Missing:  max1 | Mus','-2.1149999999999998'),
(1431,'2','Couple iPhone 13 Pro','0'),
(1432,'2','Missing:  max1 @ipho','-2.62'),
(1433,'2','14-Dec-2020 · iPhone','4.0649999999999995'),
(1434,'2','The LiDAR Scanner on','0'),
(1435,'2','Missing:  max1 @ipho','-2.1149999999999998'),
(1436,'2','In order to show you','4.640000000000001'),
(1437,'2','The latest Tweets fr','0'),
(1438,'2','Missing:  max1 | Mus','-2.1149999999999998'),
(1439,'2','New iPhone 12 Pro Ma','0'),
(1440,'2','Missing:  max1 | Mus','-2.1149999999999998'),
(1441,'2','Iphone 12 Pro Max &#','0'),
(1442,'2','Missing:  max1 | Mus','-2.1149999999999998'),
(1443,'2','See Tweets about #ip','4.32'),
(1444,'2','Missing:  max1 | Mus','-2.1149999999999998'),
(1445,'2','On 8 Sep 2020 @sulab','4.3'),
(1446,'2','Missing:  max1 | Mus','-2.1149999999999998'),
(1447,'2','The latest Tweets fr','0'),
(1448,'2','Missing:  max1 | Mus','-2.1149999999999998'),
(1449,'2','09-Nov-2020 · Apple ','4.13'),
(1450,'2','Missing:  max1 @ipho','-2.62'),
(1451,'2','25-Aug-2020 · Video ','0'),
(1452,'2','Missing:  max1 @ipho','-2.62'),
(1453,'2','14-Dec-2020 · iPhone','4.0649999999999995'),
(1454,'2','In order to show you','4.640000000000001'),
(1455,'2','The latest Tweets fr','0'),
(1456,'2','Missing:  max1 | Mus','-2.1149999999999998'),
(1457,'2','The latest Tweets on','0'),
(1458,'2','Missing:  max1 | Mus','-2.1149999999999998'),
(1459,'2','Iphone 12 Pro Max &#','4.48'),
(1460,'2','Missing:  max1 | Mus','-2.1149999999999998'),
(1461,'2','See Tweets about #ip','4.32'),
(1462,'2','Missing:  max1 | Mus','-2.1149999999999998'),
(1463,'2','On 8 Sep 2020 @sulab','4.2299999999999995'),
(1464,'2','Missing:  max1 | Mus','-2.1149999999999998'),
(1465,'2','&#12302;Bench&#12303','0'),
(1466,'2','Missing:  max1 | Mus','-2.1149999999999998'),
(1467,'2','Couple iPhone 13 Pro','0'),
(1468,'2','Missing:  max1 @ipho','-2.62'),
(1469,'2','14-Dec-2020 · iPhone','4.0649999999999995'),
(1470,'2','The LiDAR Scanner on','0'),
(1471,'2','Missing:  max1 @ipho','-2.1149999999999998'),
(1472,'2','In order to show you','4.640000000000001'),
(1473,'2','The latest Tweets fr','0'),
(1474,'2','Missing:  max1 | Mus','-2.1149999999999998'),
(1475,'2','New iPhone 12 Pro Ma','0'),
(1476,'2','Missing:  max1 | Mus','-2.1149999999999998'),
(1477,'2','Iphone 12 Pro Max &#','0'),
(1478,'2','Missing:  max1 | Mus','-2.1149999999999998'),
(1479,'2','See Tweets about #ip','4.32'),
(1480,'2','Missing:  max1 | Mus','-2.1149999999999998'),
(1481,'2','On 8 Sep 2020 @sulab','4.3'),
(1482,'2','Missing:  max1 | Mus','-2.1149999999999998'),
(1483,'2','The latest Tweets fr','0'),
(1484,'2','Missing:  max1 | Mus','-2.1149999999999998'),
(1485,'2','09-Nov-2020 · Apple ','4.13'),
(1486,'2','Missing:  max1 @ipho','-2.62'),
(1487,'2','25-Aug-2020 · Video ','0'),
(1488,'2','Missing:  max1 @ipho','-2.62'),
(1489,'2','14-Dec-2020 · iPhone','4.0649999999999995'),
(1490,'2','In order to show you','4.640000000000001'),
(1491,'2','The latest Tweets fr','0'),
(1492,'2','Missing:  max1 | Mus','-2.1149999999999998'),
(1493,'2','The latest Tweets on','0'),
(1494,'2','Missing:  max1 | Mus','-2.1149999999999998'),
(1495,'2','Iphone 12 Pro Max &#','4.48'),
(1496,'2','Missing:  max1 | Mus','-2.1149999999999998'),
(1497,'2','See Tweets about #ip','4.32'),
(1498,'2','Missing:  max1 | Mus','-2.1149999999999998'),
(1499,'2','On 8 Sep 2020 @sulab','4.2299999999999995'),
(1500,'2','Missing:  max1 | Mus','-2.1149999999999998'),
(1501,'2','&#12302;Bench&#12303','0'),
(1502,'2','Missing:  max1 | Mus','-2.1149999999999998'),
(1503,'2','Couple iPhone 13 Pro','0'),
(1504,'2','Missing:  max1 @ipho','-2.62'),
(1505,'2','14-Dec-2020 · iPhone','4.0649999999999995'),
(1506,'2','The LiDAR Scanner on','0'),
(1507,'2','Missing:  max1 @ipho','-2.1149999999999998'),
(1508,'2','In order to show you','4.640000000000001'),
(1509,'2','The latest Tweets fr','0'),
(1510,'2','Missing:  max1 | Mus','-2.1149999999999998'),
(1511,'2','New iPhone 12 Pro Ma','0'),
(1512,'2','Missing:  max1 | Mus','-2.1149999999999998'),
(1513,'2','Iphone 12 Pro Max &#','0'),
(1514,'2','Missing:  max1 | Mus','-2.1149999999999998'),
(1515,'2','See Tweets about #ip','4.32'),
(1516,'2','Missing:  max1 | Mus','-2.1149999999999998'),
(1517,'2','On 8 Sep 2020 @sulab','4.3'),
(1518,'2','Missing:  max1 | Mus','-2.1149999999999998'),
(1519,'2','The latest Tweets fr','0'),
(1520,'2','Missing:  max1 | Mus','-2.1149999999999998'),
(1521,'2','09-Nov-2020 · Apple ','4.13'),
(1522,'2','Missing:  max1 @ipho','-2.62'),
(1523,'2','25-Aug-2020 · Video ','0'),
(1524,'2','Missing:  max1 @ipho','-2.62'),
(1525,'2','14-Dec-2020 · iPhone','4.0649999999999995'),
(1526,'2','In order to show you','4.640000000000001'),
(1527,'2','The latest Tweets fr','0'),
(1528,'2','Missing:  max1 | Mus','-2.1149999999999998'),
(1529,'2','The latest Tweets on','0'),
(1530,'2','Missing:  max1 | Mus','-2.1149999999999998'),
(1531,'2','Iphone 12 Pro Max &#','4.48'),
(1532,'2','Missing:  max1 | Mus','-2.1149999999999998'),
(1533,'2','See Tweets about #ip','4.32'),
(1534,'2','Missing:  max1 | Mus','-2.1149999999999998'),
(1535,'2','On 8 Sep 2020 @sulab','4.2299999999999995'),
(1536,'2','Missing:  max1 | Mus','-2.1149999999999998'),
(1537,'2','&#12302;Bench&#12303','0'),
(1538,'2','Missing:  max1 | Mus','-2.1149999999999998'),
(1539,'2','Couple iPhone 13 Pro','0'),
(1540,'2','Missing:  max1 @ipho','-2.62'),
(1541,'2','14-Dec-2020 · iPhone','4.0649999999999995'),
(1542,'2','The LiDAR Scanner on','0'),
(1543,'2','Missing:  max1 @ipho','-2.1149999999999998'),
(1544,'2','In order to show you','4.640000000000001'),
(1545,'2','The latest Tweets fr','0'),
(1546,'2','Missing:  max1 | Mus','-2.1149999999999998'),
(1547,'2','New iPhone 12 Pro Ma','0'),
(1548,'2','Missing:  max1 | Mus','-2.1149999999999998'),
(1549,'2','Iphone 12 Pro Max &#','0'),
(1550,'2','Missing:  max1 | Mus','-2.1149999999999998'),
(1551,'2','See Tweets about #ip','4.32'),
(1552,'2','Missing:  max1 | Mus','-2.1149999999999998'),
(1553,'2','On 8 Sep 2020 @sulab','4.3'),
(1554,'2','Missing:  max1 | Mus','-2.1149999999999998'),
(1555,'2','The latest Tweets fr','0'),
(1556,'2','Missing:  max1 | Mus','-2.1149999999999998'),
(1557,'2','09-Nov-2020 · Apple ','4.13'),
(1558,'2','Missing:  max1 @ipho','-2.62'),
(1559,'2','25-Aug-2020 · Video ','0'),
(1560,'2','Missing:  max1 @ipho','-2.62'),
(1561,'2','14-Dec-2020 · iPhone','4.0649999999999995'),
(1562,'2','In order to show you','4.640000000000001'),
(1563,'2','The latest Tweets fr','0'),
(1564,'2','Missing:  max1 | Mus','-2.1149999999999998'),
(1565,'2','The latest Tweets on','0'),
(1566,'2','Missing:  max1 | Mus','-2.1149999999999998'),
(1567,'2','Iphone 12 Pro Max &#','4.48'),
(1568,'2','Missing:  max1 | Mus','-2.1149999999999998'),
(1569,'2','See Tweets about #ip','4.32'),
(1570,'2','Missing:  max1 | Mus','-2.1149999999999998'),
(1571,'2','On 8 Sep 2020 @sulab','4.2299999999999995'),
(1572,'2','Missing:  max1 | Mus','-2.1149999999999998'),
(1573,'2','&#12302;Bench&#12303','0'),
(1574,'2','Missing:  max1 | Mus','-2.1149999999999998'),
(1575,'2','Couple iPhone 13 Pro','0'),
(1576,'2','Missing:  max1 @ipho','-2.62'),
(1577,'2','14-Dec-2020 · iPhone','4.0649999999999995'),
(1578,'2','The LiDAR Scanner on','0'),
(1579,'2','Missing:  max1 @ipho','-2.1149999999999998'),
(1580,'2','In order to show you','4.640000000000001'),
(1581,'1','Xiaomi Poco X3 Pro ·','0'),
(1582,'1','POCO X3 Pro; Specs; ','4.5600000000000005'),
(1583,'1','Rating  4.3 ','0'),
(1584,'1','22-Mar-2021 · Poco X','0'),
(1585,'1','Rating  4.5 ','0'),
(1586,'1','POCO X3 Pro (Steel B','4.89'),
(1587,'1','Flipkart Mobiles Bon','4.43'),
(1588,'1','Samsung Galaxy M32 v','0'),
(1589,'1','Poco X3 GT certified','3.895'),
(1590,'1','Poco X3 Pro review: ','4.245'),
(1591,'1','Poco X3 Pro set to g','0'),
(1592,'1','Poco M3 Pro will lau','0'),
(1593,'1','Redmi K20 Pro &#2324','0'),
(1594,'1','Poco X3 Pro Review: ','3.37'),
(1595,'1','Poco X3 GT will be t','4.405'),
(1596,'1','Redmi Note 10 Pro 5G','4.045'),
(1597,'1','POCO X3 Pro has a ne','3.975'),
(1598,'1','Rating  4.5 ','0'),
(1599,'1','Xiaomi Poco X3 Pro a','0'),
(1600,'1','&#8377;18,999.00 In ','0'),
(1601,'1','Poco X3 Pro is the n','0'),
(1602,'1','11-Apr-2021 · The PO','0'),
(1603,'1','12-Apr-2021 · Hello ','4.3'),
(1604,'1','Xiaomi Poco X3 Pro ·','0'),
(1605,'1','POCO X3 Pro; Specs; ','4.5600000000000005'),
(1606,'1','Rating  4.3 ','0'),
(1607,'1','22-Mar-2021 · Poco X','0'),
(1608,'1','Rating  4.5 ','0'),
(1609,'1','POCO X3 Pro (Steel B','4.89'),
(1610,'1','Flipkart Mobiles Bon','4.43'),
(1611,'1','Samsung Galaxy M32 v','0'),
(1612,'1','Poco X3 GT certified','3.895'),
(1613,'1','Poco X3 Pro review: ','4.245'),
(1614,'1','Poco X3 Pro set to g','0'),
(1615,'1','Poco M3 Pro will lau','0'),
(1616,'1','Redmi K20 Pro &#2324','0'),
(1617,'1','Poco X3 Pro Review: ','3.37'),
(1618,'1','Poco X3 GT will be t','4.405'),
(1619,'1','Redmi Note 10 Pro 5G','4.045'),
(1620,'1','POCO X3 Pro has a ne','3.975'),
(1621,'1','Rating  4.5 ','0'),
(1622,'1','Xiaomi Poco X3 Pro a','0'),
(1623,'1','&#8377;18,999.00 In ','0'),
(1624,'1','Poco X3 Pro is the n','0'),
(1625,'1','11-Apr-2021 · The PO','0'),
(1626,'1','12-Apr-2021 · Hello ','4.3'),
(1627,'1','Xiaomi Poco X3 Pro ·','0'),
(1628,'1','POCO X3 Pro; Specs; ','4.5600000000000005'),
(1629,'1','Rating  4.3 ','0'),
(1630,'1','22-Mar-2021 · Poco X','0'),
(1631,'1','Rating  4.5 ','0'),
(1632,'1','POCO X3 Pro (Steel B','4.89'),
(1633,'1','Flipkart Mobiles Bon','4.43'),
(1634,'1','Samsung Galaxy M32 v','0'),
(1635,'1','Poco X3 GT certified','3.895'),
(1636,'1','Poco X3 Pro review: ','4.245'),
(1637,'1','Poco X3 Pro set to g','0'),
(1638,'1','Poco M3 Pro will lau','0'),
(1639,'1','Redmi K20 Pro &#2324','0'),
(1640,'1','Poco X3 Pro Review: ','3.37'),
(1641,'1','Poco X3 GT will be t','4.405'),
(1642,'1','Redmi Note 10 Pro 5G','4.045'),
(1643,'1','POCO X3 Pro has a ne','3.975'),
(1644,'1','Rating  4.5 ','0'),
(1645,'1','Xiaomi Poco X3 Pro a','0'),
(1646,'1','&#8377;18,999.00 In ','0'),
(1647,'1','Poco X3 Pro is the n','0'),
(1648,'1','11-Apr-2021 · The PO','0'),
(1649,'1','12-Apr-2021 · Hello ','4.3'),
(1650,'1','Xiaomi Poco X3 Pro ·','0'),
(1651,'1','POCO X3 Pro; Specs; ','4.5600000000000005'),
(1652,'1','Rating  4.3 ','0'),
(1653,'1','22-Mar-2021 · Poco X','0'),
(1654,'1','Rating  4.5 ','0'),
(1655,'1','POCO X3 Pro (Steel B','4.89'),
(1656,'1','Flipkart Mobiles Bon','4.43'),
(1657,'1','Samsung Galaxy M32 v','0'),
(1658,'1','Poco X3 GT certified','3.895'),
(1659,'1','Poco X3 Pro review: ','4.245'),
(1660,'1','Poco X3 Pro set to g','0'),
(1661,'1','Poco M3 Pro will lau','0'),
(1662,'1','Redmi K20 Pro &#2324','0'),
(1663,'1','Poco X3 Pro Review: ','3.37'),
(1664,'1','Poco X3 GT will be t','4.405'),
(1665,'1','Redmi Note 10 Pro 5G','4.045'),
(1666,'1','POCO X3 Pro has a ne','3.975'),
(1667,'1','Rating  4.5 ','0'),
(1668,'1','Xiaomi Poco X3 Pro a','0'),
(1669,'1','&#8377;18,999.00 In ','0'),
(1670,'1','Poco X3 Pro is the n','0'),
(1671,'1','11-Apr-2021 · The PO','0'),
(1672,'1','12-Apr-2021 · Hello ','4.3'),
(1673,'1','Xiaomi Poco X3 Pro ·','0'),
(1674,'1','POCO X3 Pro; Specs; ','4.5600000000000005'),
(1675,'1','Rating  4.3 ','0'),
(1676,'1','22-Mar-2021 · Poco X','0'),
(1677,'1','Rating  4.5 ','0'),
(1678,'1','POCO X3 Pro (Steel B','4.89'),
(1679,'1','Flipkart Mobiles Bon','4.43'),
(1680,'1','Samsung Galaxy M32 v','0'),
(1681,'1','Poco X3 GT certified','3.895'),
(1682,'1','Poco X3 Pro review: ','4.245'),
(1683,'1','Poco X3 Pro set to g','0'),
(1684,'1','Poco M3 Pro will lau','0'),
(1685,'1','Redmi K20 Pro &#2324','0'),
(1686,'1','Poco X3 Pro Review: ','3.37'),
(1687,'1','Poco X3 GT will be t','4.405'),
(1688,'1','Redmi Note 10 Pro 5G','4.045'),
(1689,'1','POCO X3 Pro has a ne','3.975'),
(1690,'1','Rating  4.5 ','0'),
(1691,'1','Xiaomi Poco X3 Pro a','0'),
(1692,'1','&#8377;18,999.00 In ','0'),
(1693,'1','Poco X3 Pro is the n','0'),
(1694,'1','11-Apr-2021 · The PO','0'),
(1695,'1','12-Apr-2021 · Hello ','4.3'),
(1696,'1','Xiaomi Poco X3 Pro ·','0'),
(1697,'1','POCO X3 Pro; Specs; ','4.5600000000000005'),
(1698,'1','Rating  4.3 ','0'),
(1699,'1','22-Mar-2021 · Poco X','0'),
(1700,'1','Rating  4.5 ','0'),
(1701,'1','POCO X3 Pro (Steel B','4.89'),
(1702,'1','Flipkart Mobiles Bon','4.43'),
(1703,'1','Samsung Galaxy M32 v','0'),
(1704,'1','Poco X3 GT certified','3.895'),
(1705,'1','Poco X3 Pro review: ','4.245'),
(1706,'1','Poco X3 Pro set to g','0'),
(1707,'1','Poco M3 Pro will lau','0'),
(1708,'1','Redmi K20 Pro &#2324','0'),
(1709,'1','Poco X3 Pro Review: ','3.37'),
(1710,'1','Poco X3 GT will be t','4.405'),
(1711,'1','Redmi Note 10 Pro 5G','4.045'),
(1712,'1','POCO X3 Pro has a ne','3.975'),
(1713,'1','Rating  4.5 ','0'),
(1714,'1','Xiaomi Poco X3 Pro a','0'),
(1715,'1','&#8377;18,999.00 In ','0'),
(1716,'1','Poco X3 Pro is the n','0'),
(1717,'1','11-Apr-2021 · The PO','0'),
(1718,'1','12-Apr-2021 · Hello ','4.3'),
(1719,'1','Xiaomi Poco X3 Pro ·','0'),
(1720,'1','POCO X3 Pro; Specs; ','4.5600000000000005'),
(1721,'1','Rating  4.3 ','0'),
(1722,'1','22-Mar-2021 · Poco X','0'),
(1723,'1','Rating  4.5 ','0'),
(1724,'1','POCO X3 Pro (Steel B','4.89'),
(1725,'1','Flipkart Mobiles Bon','4.43'),
(1726,'1','Samsung Galaxy M32 v','0'),
(1727,'1','Poco X3 GT certified','3.895'),
(1728,'1','Poco X3 Pro review: ','4.245'),
(1729,'1','Poco X3 Pro set to g','0'),
(1730,'1','Poco M3 Pro will lau','0'),
(1731,'1','Redmi K20 Pro &#2324','0'),
(1732,'1','Poco X3 Pro Review: ','3.37'),
(1733,'1','Poco X3 GT will be t','4.405'),
(1734,'1','Redmi Note 10 Pro 5G','4.045'),
(1735,'1','POCO X3 Pro has a ne','3.975'),
(1736,'1','Rating  4.5 ','0'),
(1737,'1','Xiaomi Poco X3 Pro a','0'),
(1738,'1','&#8377;18,999.00 In ','0'),
(1739,'1','Poco X3 Pro is the n','0'),
(1740,'1','11-Apr-2021 · The PO','0'),
(1741,'1','12-Apr-2021 · Hello ','4.3'),
(1742,'1','Xiaomi Poco X3 Pro ·','0'),
(1743,'1','POCO X3 Pro; Specs; ','4.5600000000000005'),
(1744,'1','Rating  4.3 ','0'),
(1745,'1','22-Mar-2021 · Poco X','0'),
(1746,'1','Rating  4.5 ','0'),
(1747,'1','POCO X3 Pro (Steel B','4.89'),
(1748,'1','Flipkart Mobiles Bon','4.43'),
(1749,'1','Samsung Galaxy M32 v','0'),
(1750,'1','Poco X3 GT certified','3.895'),
(1751,'1','Poco X3 Pro review: ','4.245'),
(1752,'1','Poco X3 Pro set to g','0'),
(1753,'1','Poco M3 Pro will lau','0'),
(1754,'1','Redmi K20 Pro &#2324','0'),
(1755,'1','Poco X3 Pro Review: ','3.37'),
(1756,'1','Poco X3 GT will be t','4.405'),
(1757,'1','Redmi Note 10 Pro 5G','4.045'),
(1758,'1','POCO X3 Pro has a ne','3.975'),
(1759,'1','Rating  4.5 ','0'),
(1760,'1','Xiaomi Poco X3 Pro a','0'),
(1761,'1','&#8377;18,999.00 In ','0'),
(1762,'1','Poco X3 Pro is the n','0'),
(1763,'1','11-Apr-2021 · The PO','0'),
(1764,'1','12-Apr-2021 · Hello ','4.3'),
(1765,'1','Xiaomi Poco X3 Pro ·','0'),
(1766,'1','POCO X3 Pro; Specs; ','4.5600000000000005'),
(1767,'1','Rating  4.3 ','0'),
(1768,'1','22-Mar-2021 · Poco X','0'),
(1769,'1','Rating  4.5 ','0'),
(1770,'1','POCO X3 Pro (Steel B','4.89'),
(1771,'1','Flipkart Mobiles Bon','4.43'),
(1772,'1','Samsung Galaxy M32 v','0'),
(1773,'1','Poco X3 GT certified','3.895'),
(1774,'1','Poco X3 Pro review: ','4.245'),
(1775,'1','Poco X3 Pro set to g','0'),
(1776,'1','Poco M3 Pro will lau','0'),
(1777,'1','Redmi K20 Pro &#2324','0'),
(1778,'1','Poco X3 Pro Review: ','3.37'),
(1779,'1','Poco X3 GT will be t','4.405'),
(1780,'1','Redmi Note 10 Pro 5G','4.045'),
(1781,'1','POCO X3 Pro has a ne','3.975'),
(1782,'1','Rating  4.5 ','0'),
(1783,'1','Xiaomi Poco X3 Pro a','0'),
(1784,'1','&#8377;18,999.00 In ','0'),
(1785,'1','Poco X3 Pro is the n','0'),
(1786,'1','11-Apr-2021 · The PO','0'),
(1787,'1','12-Apr-2021 · Hello ','4.3'),
(1788,'1','Xiaomi Poco X3 Pro ·','0'),
(1789,'1','POCO X3 Pro; Specs; ','4.5600000000000005'),
(1790,'1','Rating  4.3 ','0'),
(1791,'1','22-Mar-2021 · Poco X','0'),
(1792,'1','Rating  4.5 ','0'),
(1793,'1','POCO X3 Pro (Steel B','4.89'),
(1794,'1','Flipkart Mobiles Bon','4.43'),
(1795,'1','Samsung Galaxy M32 v','0'),
(1796,'1','Poco X3 GT certified','3.895'),
(1797,'1','Poco X3 Pro review: ','4.245'),
(1798,'1','Poco X3 Pro set to g','0'),
(1799,'1','Poco M3 Pro will lau','0'),
(1800,'1','Redmi K20 Pro &#2324','0'),
(1801,'1','Poco X3 Pro Review: ','3.37'),
(1802,'1','Poco X3 GT will be t','4.405'),
(1803,'1','Redmi Note 10 Pro 5G','4.045'),
(1804,'1','POCO X3 Pro has a ne','3.975'),
(1805,'1','Rating  4.5 ','0'),
(1806,'1','Xiaomi Poco X3 Pro a','0'),
(1807,'1','&#8377;18,999.00 In ','0'),
(1808,'1','Poco X3 Pro is the n','0'),
(1809,'1','11-Apr-2021 · The PO','0'),
(1810,'1','12-Apr-2021 · Hello ','4.3'),
(1811,'1','Xiaomi Poco X3 Pro ·','0'),
(1812,'1','POCO X3 Pro; Specs; ','4.5600000000000005'),
(1813,'1','Rating  4.3 ','0'),
(1814,'1','22-Mar-2021 · Poco X','0'),
(1815,'1','Rating  4.5 ','0'),
(1816,'1','POCO X3 Pro (Steel B','4.89'),
(1817,'1','Flipkart Mobiles Bon','4.43'),
(1818,'1','Samsung Galaxy M32 v','0'),
(1819,'1','Poco X3 GT certified','3.895'),
(1820,'1','Poco X3 Pro review: ','4.245'),
(1821,'1','Poco X3 Pro set to g','0'),
(1822,'1','Poco M3 Pro will lau','0'),
(1823,'1','Redmi K20 Pro &#2324','0'),
(1824,'1','Poco X3 Pro Review: ','3.37'),
(1825,'1','Poco X3 GT will be t','4.405'),
(1826,'1','Redmi Note 10 Pro 5G','4.045'),
(1827,'1','POCO X3 Pro has a ne','3.975'),
(1828,'1','Rating  4.5 ','0'),
(1829,'1','Xiaomi Poco X3 Pro a','0'),
(1830,'1','&#8377;18,999.00 In ','0'),
(1831,'1','Poco X3 Pro is the n','0'),
(1832,'1','11-Apr-2021 · The PO','0'),
(1833,'1','12-Apr-2021 · Hello ','4.3'),
(1834,'1','Xiaomi Poco X3 Pro ·','0'),
(1835,'1','POCO X3 Pro; Specs; ','4.5600000000000005'),
(1836,'1','Rating  4.3 ','0'),
(1837,'1','22-Mar-2021 · Poco X','0'),
(1838,'1','Rating  4.5 ','0'),
(1839,'1','POCO X3 Pro (Steel B','4.89'),
(1840,'1','Flipkart Mobiles Bon','4.43'),
(1841,'1','Samsung Galaxy M32 v','0'),
(1842,'1','Poco X3 GT certified','3.895'),
(1843,'1','Poco X3 Pro review: ','4.245'),
(1844,'1','Poco X3 Pro set to g','0'),
(1845,'1','Poco M3 Pro will lau','0'),
(1846,'1','Redmi K20 Pro &#2324','0'),
(1847,'1','Poco X3 Pro Review: ','3.37'),
(1848,'1','Poco X3 GT will be t','4.405'),
(1849,'1','Redmi Note 10 Pro 5G','4.045'),
(1850,'1','POCO X3 Pro has a ne','3.975'),
(1851,'1','Rating  4.5 ','0'),
(1852,'1','Xiaomi Poco X3 Pro a','0'),
(1853,'1','&#8377;18,999.00 In ','0'),
(1854,'1','Poco X3 Pro is the n','0'),
(1855,'1','11-Apr-2021 · The PO','0'),
(1856,'1','12-Apr-2021 · Hello ','4.3'),
(1857,'3','Samsung Galaxy S22 U','0'),
(1858,'3','This is Samsung 65W ','0'),
(1859,'3','11-Apr-2021 · Mark P','0'),
(1860,'3','11-Apr-2021 · Samsun','0'),
(1861,'3','27-Dec-2020 · Mark P','0'),
(1862,'3','21-May-2021 · tech s','4.3149999999999995'),
(1863,'3','See Tweets about #ga','4.47'),
(1864,'3','Samsung Galaxy S22, ','0'),
(1865,'3','14-Jun-2021 · Latest','0'),
(1866,'3','15-Feb-2021 · &#9659','0'),
(1867,'3','Samsung Galaxy S22 U','0'),
(1868,'3','11-Apr-2021 · Mark P','0'),
(1869,'3','27-Dec-2020 · Mark P','0'),
(1870,'3','11-Apr-2021 · Samsun','0'),
(1871,'3','21-May-2021 · Have a','0'),
(1872,'3','Missing:  2 | Must i','-2.62'),
(1873,'3','15-Feb-2021 · &#9659','0'),
(1874,'3','Missing:  page= | Mu','-2.1149999999999998'),
(1875,'3','14-Jun-2021 · Latest','0'),
(1876,'3','Missing:  page= | Mu','-2.1149999999999998'),
(1877,'3','15-Jun-2021 · The Sa','0'),
(1878,'3','Missing:  @samsungga','-3.4399999999999995'),
(1879,'3','Everything we have h','0'),
(1880,'3','Missing:  @samsungga','-3.4399999999999995'),
(1881,'3','2 days ago · But, fr','0'),
(1882,'3','Missing:  @samsungga','-2.62'),
(1883,'3','Samsung Galaxy S22 U','0'),
(1884,'3','This is Samsung 65W ','0'),
(1885,'3','11-Apr-2021 · Mark P','0'),
(1886,'3','11-Apr-2021 · Samsun','0'),
(1887,'3','27-Dec-2020 · Mark P','0'),
(1888,'3','21-May-2021 · tech s','4.3149999999999995'),
(1889,'3','See Tweets about #ga','4.47'),
(1890,'3','Samsung Galaxy S22, ','0'),
(1891,'3','14-Jun-2021 · Latest','0'),
(1892,'3','15-Feb-2021 · &#9659','0'),
(1893,'3','Samsung Galaxy S22 U','0'),
(1894,'3','11-Apr-2021 · Mark P','0'),
(1895,'3','27-Dec-2020 · Mark P','0'),
(1896,'3','11-Apr-2021 · Samsun','0'),
(1897,'3','21-May-2021 · Have a','0'),
(1898,'3','Missing:  2 | Must i','-2.62'),
(1899,'3','15-Feb-2021 · &#9659','0'),
(1900,'3','Missing:  page= | Mu','-2.1149999999999998'),
(1901,'3','14-Jun-2021 · Latest','0'),
(1902,'3','Missing:  page= | Mu','-2.1149999999999998'),
(1903,'3','15-Jun-2021 · The Sa','0'),
(1904,'3','Missing:  @samsungga','-3.4399999999999995'),
(1905,'3','Everything we have h','0'),
(1906,'3','Missing:  @samsungga','-3.4399999999999995'),
(1907,'3','2 days ago · But, fr','0'),
(1908,'3','Missing:  @samsungga','-2.62'),
(1909,'3','Samsung Galaxy S22 U','0'),
(1910,'3','This is Samsung 65W ','0'),
(1911,'3','11-Apr-2021 · Mark P','0'),
(1912,'3','11-Apr-2021 · Samsun','0'),
(1913,'3','27-Dec-2020 · Mark P','0'),
(1914,'3','21-May-2021 · tech s','4.3149999999999995'),
(1915,'3','See Tweets about #ga','4.47'),
(1916,'3','Samsung Galaxy S22, ','0'),
(1917,'3','14-Jun-2021 · Latest','0'),
(1918,'3','15-Feb-2021 · &#9659','0'),
(1919,'3','Samsung Galaxy S22 U','0'),
(1920,'3','11-Apr-2021 · Mark P','0'),
(1921,'3','27-Dec-2020 · Mark P','0'),
(1922,'3','11-Apr-2021 · Samsun','0'),
(1923,'3','21-May-2021 · Have a','0'),
(1924,'3','Missing:  2 | Must i','-2.62'),
(1925,'3','15-Feb-2021 · &#9659','0'),
(1926,'3','Missing:  page= | Mu','-2.1149999999999998'),
(1927,'3','14-Jun-2021 · Latest','0'),
(1928,'3','Missing:  page= | Mu','-2.1149999999999998'),
(1929,'3','15-Jun-2021 · The Sa','0'),
(1930,'3','Missing:  @samsungga','-3.4399999999999995'),
(1931,'3','Everything we have h','0'),
(1932,'3','Missing:  @samsungga','-3.4399999999999995'),
(1933,'3','2 days ago · But, fr','0'),
(1934,'3','Missing:  @samsungga','-2.62'),
(1935,'3','Samsung Galaxy S22 U','0'),
(1936,'3','This is Samsung 65W ','0'),
(1937,'3','11-Apr-2021 · Mark P','0'),
(1938,'3','11-Apr-2021 · Samsun','0'),
(1939,'3','27-Dec-2020 · Mark P','0'),
(1940,'3','21-May-2021 · tech s','4.3149999999999995'),
(1941,'3','See Tweets about #ga','4.47'),
(1942,'3','Samsung Galaxy S22, ','0'),
(1943,'3','14-Jun-2021 · Latest','0'),
(1944,'3','15-Feb-2021 · &#9659','0'),
(1945,'3','Samsung Galaxy S22 U','0'),
(1946,'3','11-Apr-2021 · Mark P','0'),
(1947,'3','27-Dec-2020 · Mark P','0'),
(1948,'3','21-May-2021 · Have a','0'),
(1949,'3','Missing:  2 | Must i','-2.62'),
(1950,'3','11-Apr-2021 · Samsun','0'),
(1951,'3','Earphone issue #Sams','0'),
(1952,'3','Samsung Galaxy S22 v','0'),
(1953,'3','Missing:  @samsungga','-3.4399999999999995'),
(1954,'3','15-Feb-2021 · &#9659','0'),
(1955,'3','Missing:  page= | Mu','-2.1149999999999998'),
(1956,'3','14-Jun-2021 · Latest','0'),
(1957,'3','Missing:  page= | Mu','-2.1149999999999998'),
(1958,'3','15-Jun-2021 · The Sa','0'),
(1959,'3','Missing:  @samsungga','-3.4399999999999995'),
(1960,'2','The latest Tweets fr','0'),
(1961,'2','Missing:  max1 | Mus','-2.1149999999999998'),
(1962,'2','New iPhone 12 Pro Ma','0'),
(1963,'2','Missing:  max1 | Mus','-2.1149999999999998'),
(1964,'2','Iphone 12 Pro Max &#','0'),
(1965,'2','Missing:  max1 | Mus','-2.1149999999999998'),
(1966,'2','See Tweets about #ip','4.32'),
(1967,'2','Missing:  max1 | Mus','-2.1149999999999998'),
(1968,'2','On 8 Sep 2020 @sulab','4.3'),
(1969,'2','Missing:  max1 | Mus','-2.1149999999999998'),
(1970,'2','The latest Tweets fr','0'),
(1971,'2','Missing:  max1 | Mus','-2.1149999999999998'),
(1972,'2','09-Nov-2020 · Apple ','4.13'),
(1973,'2','Missing:  max1 @ipho','-2.62'),
(1974,'2','25-Aug-2020 · Video ','0'),
(1975,'2','Missing:  max1 @ipho','-2.62'),
(1976,'2','14-Dec-2020 · iPhone','4.0649999999999995'),
(1977,'2','In order to show you','4.640000000000001'),
(1978,'2','The latest Tweets fr','0'),
(1979,'2','Missing:  max1 | Mus','-2.1149999999999998'),
(1980,'2','The latest Tweets on','0'),
(1981,'2','Missing:  max1 | Mus','-2.1149999999999998'),
(1982,'2','Iphone 12 Pro Max &#','4.48'),
(1983,'2','Missing:  max1 | Mus','-2.1149999999999998'),
(1984,'2','See Tweets about #ip','4.32'),
(1985,'2','Missing:  max1 | Mus','-2.1149999999999998'),
(1986,'2','On 8 Sep 2020 @sulab','4.2299999999999995'),
(1987,'2','Missing:  max1 | Mus','-2.1149999999999998'),
(1988,'2','&#12302;Bench&#12303','0'),
(1989,'2','Missing:  max1 | Mus','-2.1149999999999998'),
(1990,'2','Couple iPhone 13 Pro','0'),
(1991,'2','Missing:  max1 @ipho','-2.62'),
(1992,'2','14-Dec-2020 · iPhone','4.0649999999999995'),
(1993,'2','The LiDAR Scanner on','0'),
(1994,'2','Missing:  max1 @ipho','-2.1149999999999998'),
(1995,'2','In order to show you','4.640000000000001'),
(1996,'1','Xiaomi Poco X3 Pro ·','0'),
(1997,'1','POCO X3 Pro; Specs; ','4.5600000000000005'),
(1998,'1','Rating  4.3 ','0'),
(1999,'1','22-Mar-2021 · Poco X','0'),
(2000,'1','Rating  4.5 ','0'),
(2001,'1','POCO X3 Pro (Steel B','4.89'),
(2002,'1','Flipkart Mobiles Bon','4.43'),
(2003,'1','Samsung Galaxy M32 v','0'),
(2004,'1','Poco X3 GT certified','3.895'),
(2005,'1','Poco X3 Pro review: ','4.245'),
(2006,'1','Poco X3 Pro set to g','0'),
(2007,'1','Poco M3 Pro will lau','0'),
(2008,'1','Redmi K20 Pro &#2324','0'),
(2009,'1','Poco X3 Pro Review: ','3.37'),
(2010,'1','Poco X3 GT will be t','4.405'),
(2011,'1','Redmi Note 10 Pro 5G','4.045'),
(2012,'1','POCO X3 Pro has a ne','3.975'),
(2013,'1','Rating  4.5 ','0'),
(2014,'1','Xiaomi Poco X3 Pro a','0'),
(2015,'1','&#8377;18,999.00 In ','0'),
(2016,'1','Poco X3 Pro is the n','0'),
(2017,'1','11-Apr-2021 · The PO','0'),
(2018,'1','12-Apr-2021 · Hello ','4.3'),
(2019,'1','Xiaomi Poco X3 Pro ·','0'),
(2020,'1','POCO X3 Pro; Specs; ','4.5600000000000005'),
(2021,'1','Rating  4.3 ','0'),
(2022,'1','22-Mar-2021 · Poco X','0'),
(2023,'1','Rating  4.5 ','0'),
(2024,'1','POCO X3 Pro (Steel B','4.89'),
(2025,'1','Flipkart Mobiles Bon','4.43'),
(2026,'1','Samsung Galaxy M32 v','0'),
(2027,'1','Poco X3 GT certified','3.895'),
(2028,'1','Poco X3 Pro review: ','4.245'),
(2029,'1','Poco X3 Pro set to g','0'),
(2030,'1','Poco M3 Pro will lau','0'),
(2031,'1','Redmi K20 Pro &#2324','0'),
(2032,'1','Poco X3 Pro Review: ','3.37'),
(2033,'1','Poco X3 GT will be t','4.405'),
(2034,'1','Redmi Note 10 Pro 5G','4.045'),
(2035,'1','POCO X3 Pro has a ne','3.975'),
(2036,'1','Rating  4.5 ','0'),
(2037,'1','Xiaomi Poco X3 Pro a','0'),
(2038,'1','&#8377;18,999.00 In ','0'),
(2039,'1','Poco X3 Pro is the n','0'),
(2040,'1','11-Apr-2021 · The PO','0'),
(2041,'1','12-Apr-2021 · Hello ','4.3'),
(2042,'5','The latest Tweets fr','0'),
(2043,'5','We are excited to in','4.03'),
(2044,'5','Pair up to three dev','0'),
(2045,'5','Ready to learn how t','4.59'),
(2046,'5','Put a fresh spin on ','3.715'),
(2047,'5','Meet #Generation17 Y','0'),
(2048,'5','On this #WorldGiraff','4.39'),
(2049,'5','The latest Tweets fr','0'),
(2050,'5','The latest Tweets fr','4.115'),
(2051,'5','The latest Tweets fr','0'),
(2052,'5','Follow us for latest','4.4350000000000005'),
(2053,'5','The latest Tweets fr','4.4'),
(2054,'5','Samsung Galaxy M32 l','4.665'),
(2055,'5','Now ordering online ','4.45'),
(2056,'5','The latest Tweets fr','0'),
(2057,'5','Official Twitter of ','0'),
(2058,'5','Samsung ElectronicsV','0'),
(2059,'5','Missing:  2 | Must i','-2.62'),
(2060,'5','The $349 Samsung Gal','4.6450000000000005'),
(2061,'5','The official Twitter','4.4350000000000005'),
(2062,'5','The latest Tweets fr','4.115'),
(2063,'5','The latest Tweets fr','4.4350000000000005'),
(2064,'5','The latest Tweets fr','4.27'),
(2065,'5','Samsung Galaxy M32 l','4.665'),
(2066,'5','Welcome to the offic','4.395'),
(2067,'5','The latest Tweets fr','0'),
(2068,'5','We are excited to in','4.03'),
(2069,'5','Pair up to three dev','0'),
(2070,'5','Ready to learn how t','4.59'),
(2071,'5','Put a fresh spin on ','3.715'),
(2072,'5','Meet #Generation17 Y','0'),
(2073,'5','On this #WorldGiraff','4.39'),
(2074,'5','The latest Tweets fr','0'),
(2075,'5','The latest Tweets fr','4.115'),
(2076,'5','The latest Tweets fr','0'),
(2077,'5','Follow us for latest','4.4350000000000005'),
(2078,'5','The latest Tweets fr','4.4'),
(2079,'5','Samsung Galaxy M32 l','4.665'),
(2080,'5','Now ordering online ','4.45'),
(2081,'5','The latest Tweets fr','0'),
(2082,'5','Official Twitter of ','0'),
(2083,'5','Samsung ElectronicsV','0'),
(2084,'5','Missing:  2 | Must i','-2.62'),
(2085,'5','The $349 Samsung Gal','4.6450000000000005'),
(2086,'5','The official Twitter','4.4350000000000005'),
(2087,'5','The latest Tweets fr','4.115'),
(2088,'5','The latest Tweets fr','4.4350000000000005'),
(2089,'5','The latest Tweets fr','4.27'),
(2090,'5','Samsung Galaxy M32 l','4.665'),
(2091,'5','Welcome to the offic','4.395'),
(2092,'5','The latest Tweets fr','4.074999999999999'),
(2093,'5','The latest Tweets fr','0'),
(2094,'5','The latest Tweets fr','0'),
(2095,'5','On Jun 18 @ETTelecom','0'),
(2096,'5','07-Aug-2020 · Samsun','3.96'),
(2097,'5','15-Mar-2017 · Offici','0'),
(2098,'5','25-Mar-2021 · Replyi','-1.08'),
(2099,'5','07-Jan-2021 · Offici','4.48'),
(2100,'5','14-Jan-2021 · I will','0'),
(2101,'5','28-Mar-2021 · Offici','0'),
(2102,'5','The latest Tweets fr','4.074999999999999'),
(2103,'5','The latest Tweets fr','0'),
(2104,'5','@SamsungNewsIN. The ','0'),
(2105,'5','The latest Tweets fr','0'),
(2106,'5','Missing:  2 | Must i','-2.62'),
(2107,'5','Official Twitter han','4.694999999999999'),
(2108,'5','On Jun 18 @ETTelecom','0'),
(2109,'5','07-Aug-2020 · Samsun','3.96'),
(2110,'5','28-Mar-2021 · Offici','0'),
(2111,'5','25-Mar-2021 · Offici','0'),
(2112,'5','The latest Tweets fr','0'),
(2113,'5','Missing:  @samsungin','-3.4399999999999995'),
(2114,'4','The Redmi Note 10 Pr','4.37'),
(2115,'4','6 days ago · Xiaomi ','0'),
(2116,'4','Rating  3.5 ','0'),
(2117,'4','31-Mar-2021 · Redmi ','0'),
(2118,'4','Rating  4.1 ','0'),
(2119,'4','Redmi Note 10 Pro Ma','4.35'),
(2120,'4','Rating  4.3 ','0'),
(2121,'4','REDMI Note 10 Pro Ma','4.85'),
(2122,'4','Mi 11 Lite quick rev','-0.55'),
(2123,'4','Samsung Galaxy M32 v','0'),
(2124,'4','Xiaomi Redmi Note 10','0'),
(2125,'4','&#2348;&#2306;&#2346','0'),
(2126,'4','Redmi Note 10 Pro 5G','4.16'),
(2127,'4','Chinese Redmi Note 1','0'),
(2128,'4','Redmi Note 10 Pro (M','4.0200000000000005'),
(2129,'4','OnePlus Nord CE vs R','0'),
(2130,'4','Redmi Note 10 Pro (G','4.14'),
(2131,'4','Realme X7 5G vs Redm','0'),
(2132,'4','Rating  4.3 ','0'),
(2133,'4','11-Mar-2021 · Xiaomi','4.35'),
(2134,'4','07-Apr-2021 · Here s','0'),
(2135,'4','07-Mar-2021 · Hello ','4.33'),
(2136,'4','The Redmi Note 10 Pr','4.37'),
(2137,'4','6 days ago · Xiaomi ','0'),
(2138,'4','Rating  3.5 ','0'),
(2139,'4','31-Mar-2021 · Redmi ','0'),
(2140,'4','Rating  4.1 ','0'),
(2141,'4','Redmi Note 10 Pro Ma','4.35'),
(2142,'4','Rating  4.3 ','0'),
(2143,'4','REDMI Note 10 Pro Ma','4.85'),
(2144,'4','Mi 11 Lite quick rev','-0.55'),
(2145,'4','Samsung Galaxy M32 v','0'),
(2146,'4','Xiaomi Redmi Note 10','0'),
(2147,'4','&#2348;&#2306;&#2346','0'),
(2148,'4','Redmi Note 10 Pro 5G','4.16'),
(2149,'4','Chinese Redmi Note 1','0'),
(2150,'4','Redmi Note 10 Pro (M','4.0200000000000005'),
(2151,'4','OnePlus Nord CE vs R','0'),
(2152,'4','Redmi Note 10 Pro (G','4.14'),
(2153,'4','Realme X7 5G vs Redm','0'),
(2154,'4','Rating  4.3 ','0'),
(2155,'4','11-Mar-2021 · Xiaomi','4.35'),
(2156,'4','07-Apr-2021 · Here s','0'),
(2157,'4','07-Mar-2021 · Hello ','4.33'),
(2158,'3','Samsung Galaxy S22 U','0'),
(2159,'3','This is Samsung 65W ','0'),
(2160,'3','11-Apr-2021 · Mark P','0'),
(2161,'3','11-Apr-2021 · Samsun','0'),
(2162,'3','27-Dec-2020 · Mark P','0'),
(2163,'3','21-May-2021 · tech s','4.3149999999999995'),
(2164,'3','See Tweets about #ga','4.47'),
(2165,'3','Samsung Galaxy S22, ','0'),
(2166,'3','14-Jun-2021 · Latest','0'),
(2167,'3','15-Feb-2021 · &#9659','0'),
(2168,'3','Samsung Galaxy S22 U','0'),
(2169,'3','11-Apr-2021 · Mark P','0'),
(2170,'3','11-Apr-2021 · Samsun','0'),
(2171,'3','27-Dec-2020 · Mark P','0'),
(2172,'3','21-May-2021 · Have a','0'),
(2173,'3','Missing:  2 | Must i','-2.62'),
(2174,'3','Samsung Galaxy S22, ','0'),
(2175,'3','15-Feb-2021 · &#9659','0'),
(2176,'3','Missing:  page= | Mu','-2.1149999999999998'),
(2177,'3','14-Jun-2021 · Latest','0'),
(2178,'3','Missing:  page= | Mu','-2.1149999999999998'),
(2179,'3','15-Jun-2021 · The Sa','0'),
(2180,'3','Missing:  @samsungga','-3.4399999999999995'),
(2181,'3','Everything we have h','0'),
(2182,'3','Missing:  @samsungga','-3.4399999999999995'),
(2183,'2','The latest Tweets fr','0'),
(2184,'2','Missing:  max1 | Mus','-2.1149999999999998'),
(2185,'2','New iPhone 12 Pro Ma','0'),
(2186,'2','Missing:  max1 | Mus','-2.1149999999999998'),
(2187,'2','Iphone 12 Pro Max &#','0'),
(2188,'2','Missing:  max1 | Mus','-2.1149999999999998'),
(2189,'2','See Tweets about #ip','4.32'),
(2190,'2','Missing:  max1 | Mus','-2.1149999999999998'),
(2191,'2','On 8 Sep 2020 @sulab','4.3'),
(2192,'2','Missing:  max1 | Mus','-2.1149999999999998'),
(2193,'2','The latest Tweets fr','0'),
(2194,'2','Missing:  max1 | Mus','-2.1149999999999998'),
(2195,'2','09-Nov-2020 · Apple ','4.13'),
(2196,'2','Missing:  max1 @ipho','-2.62'),
(2197,'2','25-Aug-2020 · Video ','0'),
(2198,'2','Missing:  max1 @ipho','-2.62'),
(2199,'2','14-Dec-2020 · iPhone','4.0649999999999995'),
(2200,'2','In order to show you','4.640000000000001'),
(2201,'2','The latest Tweets fr','0'),
(2202,'2','Missing:  max1 | Mus','-2.1149999999999998'),
(2203,'2','The latest Tweets on','0'),
(2204,'2','Missing:  max1 | Mus','-2.1149999999999998'),
(2205,'2','Iphone 12 Pro Max &#','4.48'),
(2206,'2','Missing:  max1 | Mus','-2.1149999999999998'),
(2207,'2','See Tweets about #ip','4.32'),
(2208,'2','Missing:  max1 | Mus','-2.1149999999999998'),
(2209,'2','On 8 Sep 2020 @sulab','4.2299999999999995'),
(2210,'2','Missing:  max1 | Mus','-2.1149999999999998'),
(2211,'2','&#12302;Bench&#12303','0'),
(2212,'2','Missing:  max1 | Mus','-2.1149999999999998'),
(2213,'2','Couple iPhone 13 Pro','0'),
(2214,'2','Missing:  max1 @ipho','-2.62'),
(2215,'2','14-Dec-2020 · iPhone','4.0649999999999995'),
(2216,'2','The LiDAR Scanner on','0'),
(2217,'2','Missing:  max1 @ipho','-2.1149999999999998'),
(2218,'2','In order to show you','4.640000000000001'),
(2219,'1','Xiaomi Poco X3 Pro ·','0'),
(2220,'1','POCO X3 Pro; Specs; ','4.5600000000000005'),
(2221,'1','Rating  4.3 ','0'),
(2222,'1','22-Mar-2021 · Poco X','0'),
(2223,'1','Rating  4.5 ','0'),
(2224,'1','POCO X3 Pro (Steel B','4.89'),
(2225,'1','Flipkart Mobiles Bon','4.43'),
(2226,'1','Samsung Galaxy M32 v','0'),
(2227,'1','Poco X3 GT certified','3.895'),
(2228,'1','Poco X3 Pro review: ','4.245'),
(2229,'1','Poco X3 Pro set to g','0'),
(2230,'1','Poco M3 Pro will lau','0'),
(2231,'1','Redmi K20 Pro &#2324','0'),
(2232,'1','Poco X3 Pro Review: ','3.37'),
(2233,'1','Poco X3 GT will be t','4.405'),
(2234,'1','Redmi Note 10 Pro 5G','4.045'),
(2235,'1','POCO X3 Pro has a ne','3.975'),
(2236,'1','Rating  4.5 ','0'),
(2237,'1','Xiaomi Poco X3 Pro a','0'),
(2238,'1','&#8377;18,999.00 In ','0'),
(2239,'1','Poco X3 Pro is the n','0'),
(2240,'1','11-Apr-2021 · The PO','0'),
(2241,'1','Rating  4.5 ','0'),
(2242,'1','06-Apr-2021 · This p','4.7299999999999995'),
(2243,'1','Xiaomi Poco X3 Pro ·','0'),
(2244,'1','POCO X3 Pro; Specs; ','4.5600000000000005'),
(2245,'1','Rating  4.3 ','0'),
(2246,'1','22-Mar-2021 · Poco X','0'),
(2247,'1','Rating  4.5 ','0'),
(2248,'1','POCO X3 Pro (Steel B','4.89'),
(2249,'1','Flipkart Mobiles Bon','4.43'),
(2250,'1','Samsung Galaxy M32 v','0'),
(2251,'1','Poco X3 GT certified','3.895'),
(2252,'1','Poco X3 Pro review: ','4.245'),
(2253,'1','Poco X3 Pro set to g','0'),
(2254,'1','Poco M3 Pro will lau','0'),
(2255,'1','Redmi K20 Pro &#2324','0'),
(2256,'1','Poco X3 Pro Review: ','3.37'),
(2257,'1','Poco X3 GT will be t','4.405'),
(2258,'1','Redmi Note 10 Pro 5G','4.045'),
(2259,'1','POCO X3 Pro has a ne','3.975'),
(2260,'1','Rating  4.5 ','0'),
(2261,'1','Xiaomi Poco X3 Pro a','0'),
(2262,'1','&#8377;18,999.00 In ','0'),
(2263,'1','Poco X3 Pro is the n','0'),
(2264,'1','11-Apr-2021 · The PO','0'),
(2265,'1','Rating  4.5 ','0'),
(2266,'1','06-Apr-2021 · This p','4.7299999999999995'),
(2267,'2','The latest Tweets fr','0'),
(2268,'2','The latest Tweets fr','-0.535'),
(2269,'2','The latest Tweets fr','0'),
(2270,'2','@iPhoneIndia Thanks ','4.035'),
(2271,'2','iPhoneTeam · iPhoneI','0'),
(2272,'2','30-Sep-2019 · @Apple','4.71'),
(2273,'2','16-Aug-2019 · @Apple','0'),
(2274,'2','The latest Tweets fr','3.8'),
(2275,'2','#apple #iphone #indi','0'),
(2276,'2','The latest Tweets fr','0'),
(2277,'2','Missing:  @iphoneind','-3.4399999999999995'),
(2278,'2','... that side-loadin','4.675000000000001'),
(2279,'2','Missing:  @iphoneind','-3.4399999999999995'),
(2280,'2','The latest Tweets fr','4.475'),
(2281,'2','Missing:  @iphoneind','-3.4399999999999995'),
(2282,'2','The latest Tweets fr','4.59'),
(2283,'2','Missing:  @iphoneind','-3.4399999999999995'),
(2284,'2','The latest Tweets fr','0'),
(2285,'2','Missing:  @iphoneind','-3.4399999999999995'),
(2286,'2','The latest Tweets fr','4.734999999999999'),
(2287,'2','Missing:  @iphoneind','-3.4399999999999995'),
(2288,'2','This article goes ov','0'),
(2289,'2','Missing:  @iphoneind','-3.4399999999999995'),
(2290,'2','Explore iPhone, the ','4.3149999999999995'),
(2291,'2','Missing:  twitter, |','-2.1149999999999998'),
(2292,'2','03-Sep-2020 · Apple ','0'),
(2293,'2','The latest Tweets fr','0'),
(2294,'2','The latest Tweets fr','-0.535'),
(2295,'2','The latest Tweets fr','0'),
(2296,'2','@iPhoneIndia Thanks ','4.035'),
(2297,'2','iPhoneTeam · iPhoneI','0'),
(2298,'2','30-Sep-2019 · @Apple','4.71'),
(2299,'2','16-Aug-2019 · @Apple','0'),
(2300,'2','The latest Tweets fr','3.8'),
(2301,'2','#apple #iphone #indi','0'),
(2302,'2','The latest Tweets fr','0'),
(2303,'2','Missing:  @iphoneind','-3.4399999999999995'),
(2304,'2','... that side-loadin','4.675000000000001'),
(2305,'2','Missing:  @iphoneind','-3.4399999999999995'),
(2306,'2','The latest Tweets fr','4.475'),
(2307,'2','Missing:  @iphoneind','-3.4399999999999995'),
(2308,'2','The latest Tweets fr','4.59'),
(2309,'2','Missing:  @iphoneind','-3.4399999999999995'),
(2310,'2','The latest Tweets fr','0'),
(2311,'2','Missing:  @iphoneind','-3.4399999999999995'),
(2312,'2','The latest Tweets fr','4.734999999999999'),
(2313,'2','Missing:  @iphoneind','-3.4399999999999995'),
(2314,'2','This article goes ov','0'),
(2315,'2','Missing:  @iphoneind','-3.4399999999999995'),
(2316,'2','Explore iPhone, the ','4.3149999999999995'),
(2317,'2','Missing:  twitter, |','-2.1149999999999998'),
(2318,'2','03-Sep-2020 · Apple ','0'),
(2319,'1','Xiaomi Poco X3 Pro ·','0'),
(2320,'1','POCO X3 Pro; Specs; ','4.5600000000000005'),
(2321,'1','Rating  4.3 ','0'),
(2322,'1','22-Mar-2021 · Poco X','0'),
(2323,'1','Rating  4.5 ','0'),
(2324,'1','POCO X3 Pro (Steel B','4.89'),
(2325,'1','Flipkart Mobiles Bon','4.43'),
(2326,'1','Samsung Galaxy M32 v','0'),
(2327,'1','Poco X3 GT certified','3.895'),
(2328,'1','Poco X3 Pro review: ','4.245'),
(2329,'1','Poco X3 Pro set to g','0'),
(2330,'1','Poco M3 Pro will lau','0'),
(2331,'1','Redmi K20 Pro &#2324','0'),
(2332,'1','Poco X3 Pro Review: ','3.37'),
(2333,'1','Poco X3 GT will be t','4.405'),
(2334,'1','Redmi Note 10 Pro 5G','4.045'),
(2335,'1','POCO X3 Pro has a ne','3.975'),
(2336,'1','Rating  4.5 ','0'),
(2337,'1','Xiaomi Poco X3 Pro a','0'),
(2338,'1','&#8377;18,999.00 In ','0'),
(2339,'1','Poco X3 Pro is the n','0'),
(2340,'1','11-Apr-2021 · The PO','0'),
(2341,'1','Rating  4.5 ','0'),
(2342,'1','06-Apr-2021 · This p','4.7299999999999995'),
(2343,'1','Xiaomi Poco X3 Pro ·','0'),
(2344,'1','POCO X3 Pro; Specs; ','4.5600000000000005'),
(2345,'1','Rating  4.3 ','0'),
(2346,'1','22-Mar-2021 · Poco X','0'),
(2347,'1','Rating  4.5 ','0'),
(2348,'1','POCO X3 Pro (Steel B','4.89'),
(2349,'1','Flipkart Mobiles Bon','4.43'),
(2350,'1','Samsung Galaxy M32 v','0'),
(2351,'1','Poco X3 GT certified','3.895'),
(2352,'1','Poco X3 Pro review: ','4.245'),
(2353,'1','Poco X3 Pro set to g','0'),
(2354,'1','Poco M3 Pro will lau','0'),
(2355,'1','Redmi K20 Pro &#2324','0'),
(2356,'1','Poco X3 Pro Review: ','3.37'),
(2357,'1','Poco X3 GT will be t','4.405'),
(2358,'1','Redmi Note 10 Pro 5G','4.045'),
(2359,'1','POCO X3 Pro has a ne','3.975'),
(2360,'1','Rating  4.5 ','0'),
(2361,'1','Xiaomi Poco X3 Pro a','0'),
(2362,'1','&#8377;18,999.00 In ','0'),
(2363,'1','Poco X3 Pro is the n','0'),
(2364,'1','11-Apr-2021 · The PO','0'),
(2365,'1','Rating  4.5 ','0'),
(2366,'1','06-Apr-2021 · This p','4.7299999999999995'),
(2367,'2','The latest Tweets fr','0'),
(2368,'2','The latest Tweets fr','-0.535'),
(2369,'2','The latest Tweets fr','0'),
(2370,'2','@iPhoneIndia Thanks ','4.035'),
(2371,'2','iPhoneTeam · iPhoneI','0'),
(2372,'2','30-Sep-2019 · @Apple','4.71'),
(2373,'2','16-Aug-2019 · @Apple','0'),
(2374,'2','The latest Tweets fr','3.8'),
(2375,'2','#apple #iphone #indi','0'),
(2376,'2','The latest Tweets fr','0'),
(2377,'2','Missing:  @iphoneind','-3.4399999999999995'),
(2378,'2','... that side-loadin','4.675000000000001'),
(2379,'2','Missing:  @iphoneind','-3.4399999999999995'),
(2380,'2','The latest Tweets fr','4.475'),
(2381,'2','Missing:  @iphoneind','-3.4399999999999995'),
(2382,'2','The latest Tweets fr','4.59'),
(2383,'2','Missing:  @iphoneind','-3.4399999999999995'),
(2384,'2','The latest Tweets fr','0'),
(2385,'2','Missing:  @iphoneind','-3.4399999999999995'),
(2386,'2','The latest Tweets fr','4.734999999999999'),
(2387,'2','Missing:  @iphoneind','-3.4399999999999995'),
(2388,'2','This article goes ov','0'),
(2389,'2','Missing:  @iphoneind','-3.4399999999999995'),
(2390,'2','Explore iPhone, the ','4.3149999999999995'),
(2391,'2','Missing:  twitter, |','-2.1149999999999998'),
(2392,'2','03-Sep-2020 · Apple ','0'),
(2393,'2','The latest Tweets fr','0'),
(2394,'2','The latest Tweets fr','-0.535'),
(2395,'2','Meet the Indian wome','0'),
(2396,'2','The latest Tweets fr','0'),
(2397,'2','@iPhoneIndia Thanks ','4.035'),
(2398,'2','iPhoneTeam · iPhoneI','0'),
(2399,'2','16-Aug-2019 · @Apple','0'),
(2400,'2','30-Sep-2019 · @Apple','4.71'),
(2401,'2','#apple #iphone #indi','0'),
(2402,'2','The latest Tweets fr','3.8'),
(2403,'2','The latest Tweets fr','0'),
(2404,'2','Missing:  @iphoneind','-3.4399999999999995'),
(2405,'2','... that side-loadin','4.675000000000001'),
(2406,'2','Missing:  @iphoneind','-3.4399999999999995'),
(2407,'2','The latest Tweets fr','4.475'),
(2408,'2','Missing:  @iphoneind','-3.4399999999999995'),
(2409,'2','The latest Tweets fr','4.59'),
(2410,'2','Missing:  @iphoneind','-3.4399999999999995'),
(2411,'2','The latest Tweets fr','0'),
(2412,'2','Missing:  @iphoneind','-3.4399999999999995'),
(2413,'2','The latest Tweets fr','4.734999999999999'),
(2414,'2','Missing:  @iphoneind','-3.4399999999999995'),
(2415,'2','This article goes ov','0'),
(2416,'2','Missing:  @iphoneind','-3.4399999999999995'),
(2417,'2','Explore iPhone, the ','4.3149999999999995'),
(2418,'2','Missing:  twitter, |','-2.1149999999999998'),
(2419,'2','03-Sep-2020 · Apple ','0'),
(2420,'3','Samsung Galaxy S22 U','0'),
(2421,'3','11-Apr-2021 · Mark P','0'),
(2422,'3','11-Apr-2021 · Samsun','0'),
(2423,'3','27-Dec-2020 · Mark P','0'),
(2424,'3','14-Jun-2021 · Latest','0'),
(2425,'3','29-May-2021 · Accord','0'),
(2426,'3','06-May-2021 · &#9659','4.28'),
(2427,'3','15-Jun-2021 · We are','0'),
(2428,'3','Missing:  @samsungga','-3.4399999999999995'),
(2429,'3','29-Dec-2020 · &#2327','0'),
(2430,'3','14-Jun-2021 · Samsun','0'),
(2431,'3','Missing:  @samsungga','-3.4399999999999995'),
(2432,'3','Samsung Galaxy S22 U','0'),
(2433,'3','11-Apr-2021 · Mark P','0'),
(2434,'3','11-Apr-2021 · Samsun','0'),
(2435,'3','27-Dec-2020 · Mark P','0'),
(2436,'3','21-May-2021 · Have a','0'),
(2437,'3','Missing:  2 | Must i','-2.62'),
(2438,'3','Samsung Galaxy S22, ','0'),
(2439,'3','15-Feb-2021 · &#9659','0'),
(2440,'3','Missing:  page= | Mu','-2.1149999999999998'),
(2441,'3','14-Jun-2021 · Latest','0'),
(2442,'3','Missing:  page= | Mu','-2.1149999999999998'),
(2443,'3','15-Jun-2021 · The Sa','0'),
(2444,'3','Missing:  @samsungga','-3.4399999999999995'),
(2445,'3','Everything we have h','0'),
(2446,'3','Missing:  @samsungga','-3.4399999999999995'),
(2447,'5','The latest Tweets fr','4.074999999999999'),
(2448,'5','The latest Tweets fr','0'),
(2449,'5','The latest Tweets fr','0'),
(2450,'5','On Jun 18 @ETTelecom','0'),
(2451,'5','07-Aug-2020 · Samsun','3.96'),
(2452,'5','15-Mar-2017 · Offici','0'),
(2453,'5','27-Feb-2021 · Offici','4.04'),
(2454,'5','07-Jan-2021 · Offici','4.48'),
(2455,'5','28-Mar-2021 · Offici','0'),
(2456,'5','25-Mar-2021 · Offici','4.625'),
(2457,'5','The latest Tweets fr','4.074999999999999'),
(2458,'5','The latest Tweets fr','0'),
(2459,'5','@SamsungNewsIN. The ','0'),
(2460,'5','The latest Tweets fr','0'),
(2461,'5','Missing:  2 | Must i','-2.62'),
(2462,'5','Official Twitter han','4.694999999999999'),
(2463,'5','On Jun 18 @ETTelecom','0'),
(2464,'5','07-Aug-2020 · Samsun','3.96'),
(2465,'5','Official Twitter han','3.775'),
(2466,'5','Missing:  2 | Must i','-2.62'),
(2467,'5','28-Mar-2021 · Offici','0'),
(2468,'5','25-Mar-2021 · Offici','0'),
(2469,'1','4 hours ago · Xiaomi','0'),
(2470,'1','Rating  4.5 ','0'),
(2471,'1','POCO X3 Pro (Steel B','4.89'),
(2472,'1','Rating  4.3 ','0'),
(2473,'1','22-Mar-2021 · Poco X','0'),
(2474,'1','POCO X3 Pro; Specs; ','4.5600000000000005'),
(2475,'1','Flipkart Mobiles Bon','4.43'),
(2476,'1','Samsung Galaxy M32 v','0'),
(2477,'1','Poco X3 GT certified','3.895'),
(2478,'1','Poco X3 Pro set to g','0'),
(2479,'1','Poco X3 Pro Review: ','3.37'),
(2480,'1','Poco M3 Pro will lau','0'),
(2481,'1','Redmi K20 Pro &#2324','0'),
(2482,'1','Poco X3 GT will be t','4.405'),
(2483,'1','Redmi Note 10 Pro 5G','4.045'),
(2484,'1','Redmi K20 Pro, POCO ','0'),
(2485,'1','POCO X3 Pro has a ne','3.975'),
(2486,'1','Rating  4.5 ','0'),
(2487,'1','Xiaomi Poco X3 Pro a','0'),
(2488,'1','11-Apr-2021 · The PO','0'),
(2489,'1','&#8377;18,999.00 In ','0'),
(2490,'1','Poco X3 Pro is the n','0'),
(2491,'1','Rating  4.5 ','0'),
(2492,'1','06-Apr-2021 · This p','4.7299999999999995'),
(2493,'1','4 hours ago · Xiaomi','0'),
(2494,'1','Rating  4.5 ','0'),
(2495,'1','POCO X3 Pro (Steel B','4.89'),
(2496,'1','Rating  4.3 ','0'),
(2497,'1','22-Mar-2021 · Poco X','0'),
(2498,'1','POCO X3 Pro; Specs; ','4.5600000000000005'),
(2499,'1','Rating  4.5 ','0'),
(2500,'1','Xiaomi Poco X3 Pro a','0'),
(2501,'1','Flipkart Mobiles Bon','4.43'),
(2502,'1','Samsung Galaxy M32 v','0'),
(2503,'1','Poco X3 GT certified','3.895'),
(2504,'1','Poco X3 Pro set to g','0'),
(2505,'1','Poco X3 Pro Review: ','3.37'),
(2506,'1','Poco M3 Pro will lau','0'),
(2507,'1','Redmi K20 Pro &#2324','0'),
(2508,'1','Poco X3 GT will be t','4.405'),
(2509,'1','Redmi Note 10 Pro 5G','4.045'),
(2510,'1','Redmi K20 Pro, POCO ','0'),
(2511,'1','POCO X3 Pro has a ne','3.975'),
(2512,'1','&#8377;18,999.00 In ','0'),
(2513,'1','Poco X3 Pro is the n','0'),
(2514,'1','11-Apr-2021 · The PO','0'),
(2515,'1','12-Apr-2021 · Hello ','4.3'),
(2516,'2','See Tweets about #ip','4.32'),
(2517,'2','The latest Tweets fr','0'),
(2518,'2','The latest Tweets fr','-0.535'),
(2519,'2','Meet the Indian wome','0'),
(2520,'2','The latest Tweets fr','0'),
(2521,'2','@iPhoneIndia Thanks ','4.035'),
(2522,'2','iPhoneTeam · iPhoneI','0'),
(2523,'2','16-Aug-2019 · @Apple','0'),
(2524,'2','30-Sep-2019 · @Apple','4.71'),
(2525,'2','#apple #iphone #indi','0'),
(2526,'2','The latest Tweets fr','0'),
(2527,'2','Missing:  @iphoneind','-3.4399999999999995'),
(2528,'2','... that side-loadin','4.675000000000001'),
(2529,'2','Missing:  @iphoneind','-3.4399999999999995'),
(2530,'2','Meet the Indian wome','0'),
(2531,'2','Missing:  2 | Must i','-2.62'),
(2532,'2','The latest Tweets fr','4.475'),
(2533,'2','Missing:  @iphoneind','-3.4399999999999995'),
(2534,'2','The latest Tweets fr','4.59'),
(2535,'2','Missing:  @iphoneind','-3.4399999999999995'),
(2536,'2','The latest Tweets fr','0'),
(2537,'2','Missing:  @iphoneind','-3.4399999999999995'),
(2538,'2','Explore iPhone, the ','4.3149999999999995'),
(2539,'2','Missing:  twitter, |','-2.1149999999999998'),
(2540,'2','03-Sep-2020 · Apple ','0'),
(2541,'2','27-Jan-2021 · Apple ','4.805'),
(2542,'5','The latest Tweets fr','4.074999999999999'),
(2543,'5','The latest Tweets fr','0'),
(2544,'5','The latest Tweets fr','0'),
(2545,'5','On Jun 18 @ETTelecom','0'),
(2546,'5','07-Aug-2020 · Samsun','3.96'),
(2547,'5','15-Mar-2017 · Offici','0'),
(2548,'5','11-Mar-2021 · Offici','4.58'),
(2549,'5','25-Mar-2021 · Replyi','-1.08'),
(2550,'5','14-Jan-2021 · I will','0'),
(2551,'5','07-Jan-2021 · Offici','4.48'),
(2552,'5','The latest Tweets fr','4.074999999999999'),
(2553,'5','The latest Tweets fr','0'),
(2554,'5','@SamsungNewsIN. The ','0'),
(2555,'5','The latest Tweets fr','0'),
(2556,'5','Missing:  2 | Must i','-2.62'),
(2557,'5','Official Twitter han','4.694999999999999'),
(2558,'5','On Jun 18 @ETTelecom','0'),
(2559,'5','07-Aug-2020 · Samsun','3.96'),
(2560,'5','Official Twitter han','3.775'),
(2561,'5','Missing:  2 | Must i','-2.62'),
(2562,'5','28-Mar-2021 · Offici','0'),
(2563,'5','25-Mar-2021 · Offici','0'),
(2564,'2','See Tweets about #ip','4.32'),
(2565,'2','The latest Tweets fr','0'),
(2566,'2','The latest Tweets fr','-0.535'),
(2567,'2','Meet the Indian wome','0'),
(2568,'2','The latest Tweets fr','0'),
(2569,'2','@iPhoneIndia Thanks ','4.035'),
(2570,'2','iPhoneTeam · iPhoneI','0'),
(2571,'2','16-Aug-2019 · @Apple','0'),
(2572,'2','30-Sep-2019 · @Apple','4.71'),
(2573,'2','#apple #iphone #indi','0'),
(2574,'2','The latest Tweets fr','0'),
(2575,'2','Missing:  @iphoneind','-3.4399999999999995'),
(2576,'2','... that side-loadin','4.675000000000001'),
(2577,'2','Missing:  @iphoneind','-3.4399999999999995'),
(2578,'2','Meet the Indian wome','0'),
(2579,'2','Missing:  2 | Must i','-2.62'),
(2580,'2','The latest Tweets fr','4.475'),
(2581,'2','Missing:  @iphoneind','-3.4399999999999995'),
(2582,'2','The latest Tweets fr','4.59'),
(2583,'2','Missing:  @iphoneind','-3.4399999999999995'),
(2584,'2','The latest Tweets fr','0'),
(2585,'2','Missing:  @iphoneind','-3.4399999999999995'),
(2586,'2','Explore iPhone, the ','4.3149999999999995'),
(2587,'2','Missing:  twitter, |','-2.1149999999999998'),
(2588,'2','03-Sep-2020 · Apple ','0'),
(2589,'2','27-Jan-2021 · Apple ','4.805'),
(2590,'4','The Redmi Note 10 Pr','4.37'),
(2591,'4','Rating  3.5 ','0'),
(2592,'4','31-Mar-2021 · Redmi ','0'),
(2593,'4','6 days ago · Xiaomi ','0'),
(2594,'4','Rating  4.1 ','0'),
(2595,'4','Redmi Note 10 Pro Ma','4.35'),
(2596,'4','Rating  4.3 ','0'),
(2597,'4','REDMI Note 10 Pro Ma','4.85'),
(2598,'4','Mi 11 Lite quick rev','-0.55'),
(2599,'4','Xiaomi Redmi Note 10','0'),
(2600,'4','&#2348;&#2306;&#2346','0'),
(2601,'4','Redmi Note 10 Pro (G','4.14'),
(2602,'4','Chinese Redmi Note 1','0'),
(2603,'4','Realme X7 5G vs Redm','0'),
(2604,'4','Redmi Note 10 Pro (M','4.0200000000000005'),
(2605,'4','OnePlus Nord CE vs R','0'),
(2606,'4','Redmi Note 10 Pro 5G','4.16'),
(2607,'4','Redmi Note 10 Pro 5G','4.14'),
(2608,'4','Rating  4.3 ','0'),
(2609,'4','11-Mar-2021 · Xiaomi','4.35'),
(2610,'4','07-Apr-2021 · Here s','0'),
(2611,'4','30-May-2021 · The Xi','3.815'),
(2612,'4','The Redmi Note 10 Pr','4.37'),
(2613,'4','Rating  3.5 ','0'),
(2614,'4','31-Mar-2021 · Redmi ','0'),
(2615,'4','6 days ago · Xiaomi ','0'),
(2616,'4','Rating  4.1 ','0'),
(2617,'4','Redmi Note 10 Pro Ma','4.35'),
(2618,'4','Rating  4.3 ','0'),
(2619,'4','REDMI Note 10 Pro Ma','4.85'),
(2620,'4','Mi 11 Lite quick rev','-0.55'),
(2621,'4','Xiaomi Redmi Note 10','0'),
(2622,'4','&#2348;&#2306;&#2346','0'),
(2623,'4','Redmi Note 10 Pro (G','4.14'),
(2624,'4','Chinese Redmi Note 1','0'),
(2625,'4','Realme X7 5G vs Redm','0'),
(2626,'4','Redmi Note 10 Pro (M','4.0200000000000005'),
(2627,'4','OnePlus Nord CE vs R','0'),
(2628,'4','Redmi Note 10 Pro 5G','4.16'),
(2629,'4','Redmi Note 10 Pro 5G','4.14'),
(2630,'4','Rating  4.3 ','0'),
(2631,'4','11-Mar-2021 · Xiaomi','4.35'),
(2632,'4','07-Apr-2021 · Here s','0'),
(2633,'4','30-May-2021 · The Xi','3.815'),
(2634,'3','Samsung Galaxy S22 U','0'),
(2635,'3','This is Samsung 65W ','0'),
(2636,'3','11-Apr-2021 · Mark P','0'),
(2637,'3','21-May-2021 · tech s','4.3149999999999995'),
(2638,'3','27-Dec-2020 · Mark P','0'),
(2639,'3','See Tweets about #ga','4.47'),
(2640,'3','Samsung Galaxy S22, ','0'),
(2641,'3','Samsung Galaxy S22 v','0'),
(2642,'3','Missing:  @samsungga','-3.4399999999999995'),
(2643,'3','14-Jun-2021 · Latest','0'),
(2644,'3','15-Feb-2021 · &#9659','0'),
(2645,'3','Samsung Galaxy S22 U','0'),
(2646,'3','11-Apr-2021 · Mark P','0'),
(2647,'3','27-Dec-2020 · Mark P','0'),
(2648,'3','21-May-2021 · Have a','0'),
(2649,'3','Missing:  2 | Must i','-2.62'),
(2650,'3','15-Feb-2021 · &#9659','0'),
(2651,'3','Missing:  page= | Mu','-2.1149999999999998'),
(2652,'3','14-Jun-2021 · Latest','0'),
(2653,'3','Missing:  page= | Mu','-2.1149999999999998'),
(2654,'3','15-Jun-2021 · The Sa','0'),
(2655,'3','Missing:  @samsungga','-3.4399999999999995'),
(2656,'3','2 days ago · But, fr','0'),
(2657,'3','Missing:  @samsungga','-2.62'),
(2658,'3','15-Jun-2021 · Accord','0'),
(2659,'3','Missing:  @samsungga','-2.62'),
(2660,'3','2 days ago · Samsung','-0.31'),
(2661,'3','Missing:  @samsungga','-2.62');

/*Table structure for table `view user` */

DROP TABLE IF EXISTS `view user`;

CREATE TABLE `view user` (
  `User_id` int(11) NOT NULL AUTO_INCREMENT,
  `Username` varchar(20) DEFAULT NULL,
  `Housename` varchar(20) DEFAULT NULL,
  `Place` varchar(20) DEFAULT NULL,
  `Post` varchar(20) DEFAULT NULL,
  `pin` int(10) DEFAULT NULL,
  `Mob number` bigint(20) DEFAULT NULL,
  `Email-id` varchar(20) DEFAULT NULL,
  `Login_id` int(11) DEFAULT NULL,
  PRIMARY KEY (`User_id`)
) ENGINE=InnoDB AUTO_INCREMENT=5 DEFAULT CHARSET=latin1;

/*Data for the table `view user` */

insert  into `view user`(`User_id`,`Username`,`Housename`,`Place`,`Post`,`pin`,`Mob number`,`Email-id`,`Login_id`) values 
(1,'user','chakkunga parambil','mangalam','alathiyur',676561,9544761648,'mohamedanascp@gmail.',2),
(2,'azhar','panayil house','tirur','Bp angadi',656671,9995747511,'azharcp@gmail.com',3),
(3,'akshay','panpayil house','pattambi','koppam',685965,9575684214,'akshay12@gmail.com',4),
(4,'ashif','vazhayil house','tirur','alathiyur',656671,9847127585,'ashif123@gmail.com',5);

/*!40101 SET SQL_MODE=@OLD_SQL_MODE */;
/*!40014 SET FOREIGN_KEY_CHECKS=@OLD_FOREIGN_KEY_CHECKS */;
/*!40014 SET UNIQUE_CHECKS=@OLD_UNIQUE_CHECKS */;
/*!40111 SET SQL_NOTES=@OLD_SQL_NOTES */;
